Workbook

Sheet 결과
A1: 결과 요약 — batch 1
A2: 경량화 설정 | B2: =설정!$B$70 -> Attn W4 / GDN W4 / FFN W4 / Router W8 / LM W4 / A8 / KV8 / state 32b / top-k CPU
A3: HW | B3: =설정!$B$5&" GB/s (실효 "&TEXT(설정!$B$6,"0%")&"), SRAM "&설정!$B$9&" MB, 연산 실효율 "&TEXT(설정!$B$7,"0%") -> 68 GB/s (실효 75%), SRAM 4 MB, 연산 실효율 60%
A4: 디코드 컨텍스트 | B4: ="입력 + "&설정!$B$51*설정!$B$52&" 토큰 시점 기준" -> 입력 + 128 토큰 시점 기준
A5: 모델용 DRAM (GiB) | B5: =설정!$B$62 -> 13 | C5: ="(DRAM "&설정!$B$11&" GiB − 예약 "&설정!$B$12&" GiB)" -> (DRAM 16 GiB − 예약 3 GiB)
A6: 모델 요약
A7: 항목 | B7: =모델!B6 -> Llama 3.1 8B Instruct | D7: =모델!C6 -> gpt-oss-20b | F7: =모델!D6 -> Qwen3.6-35B-A3B | H7: =모델!E6 -> Gemma 4 26B-A4B | J7: =모델!F6 -> Llama 3.2 3B Instruct
A8: 총 파라미터 (B) | B8: =모델!$B$59 -> 8.029995 | D8: =모델!$C$59 -> 20.907786 | F8: =모델!$D$59 -> 34.659369 | H8: =모델!$E$59 -> 25.232441 | J8: =모델!$F$59 -> 3.2125747
A9: 토큰당 활성 파라미터 (B) | B9: =모델!$B$60 -> 7.5046584 | D9: =모델!$C$60 -> 3.6071424 | F9: =모델!$D$60 -> 2.9451878 | H9: =모델!$E$60 -> 3.8218301 | J9: =모델!$F$60 -> 3.2125747
A10: 경량화 후 가중치 (GB) | B10: =모델!$B$61 -> 4.1404662 | D10: =모델!$C$61 -> 10.781683 | F10: =모델!$D$61 -> 17.881723 | H10: =모델!$E$61 -> 13.015884 | J10: =모델!$F$61 -> 1.6564838
A11: KV/state 캐시 @ 최대 길이 (MB) | B11: =모델!$B$62 -> 512 | D11: =모델!$C$62 -> 97.5 | F11: =모델!$D$62 -> 140.70312 | H11: =모델!$E$62 -> 180 | J11: =모델!$F$62 -> 448
A12: DRAM 체크 @ 최대 입력+출력 (여유+ / 부족− GiB) | B12: =계산_모델1!H211 -> OK +8.1 | D12: =계산_모델2!H211 -> OK +2.4 | F12: =계산_모델3!H211 -> 초과 -4.3 | H12: =계산_모델4!H211 -> OK +0.2 | J12: =계산_모델5!H211 -> OK +10.5
A14: TTFT / 디코드 속도
B15: =모델!B6 -> Llama 3.1 8B Instruct | D15: =모델!C6 -> gpt-oss-20b | F15: =모델!D6 -> Qwen3.6-35B-A3B | H15: =모델!E6 -> Gemma 4 26B-A4B | J15: =모델!F6 -> Llama 3.2 3B Instruct
A16: 입력 길이 | B16: TTFT (ms) | C16: tok/s | D16: TTFT (ms) | E16: tok/s | F16: TTFT (ms) | G16: tok/s | H16: TTFT (ms) | I16: tok/s | J16: TTFT (ms) | K16: tok/s
A17: =설정!$B$54 -> 128 | B17: =계산_모델1!B111 -> 112.50398 | C17: =계산_모델1!B192 -> 11.920564 | D17: =계산_모델2!B111 -> 235.49075 | E17: =계산_모델2!B192 -> 23.419076 | F17: =계산_모델3!B111 -> 393.94258 | G17: =계산_모델3!B192 -> 25.060811 | H17: =계산_모델4!B111 -> 296.32485 | I17: =계산_모델4!B192 -> 21.577539 | J17: =계산_모델5!B111 -> 40.559505 | K17: =계산_모델5!B192 -> 27.71309
A18: =설정!$C$54 -> 256 | B18: =계산_모델1!C111 -> 193.29028 | C18: =계산_모델1!C192 -> 11.894909 | D18: =계산_모델2!C111 -> 247.61317 | E18: =계산_모델2!C192 -> 23.400485 | F18: =계산_모델3!C111 -> 426.25475 | G18: =계산_모델3!C192 -> 25.043068 | H18: =계산_모델4!C111 -> 323.10294 | I18: =계산_모델4!C192 -> 21.433717 | J18: =계산_모델5!C111 -> 72.672634 | K18: =계산_모델5!C192 -> 27.592033
A19: =설정!$D$54 -> 512 | B19: =계산_모델1!D111 -> 359.83777 | C19: =계산_모델1!D192 -> 11.84393 | D19: =계산_모델2!D111 -> 273.75054 | E19: =계산_모델2!D192 -> 23.363391 | F19: =계산_모델3!D111 -> 483.98049 | G19: =계산_모델3!D192 -> 25.007659 | H19: =계산_모델4!D111 -> 380.5526 | I19: =계산_모델4!D192 -> 21.15175 | J19: =계산_모델5!D111 -> 139.20268 | K19: =계산_모델5!D192 -> 27.353065
A20: =설정!$E$54 -> 1024 | B20: =계산_모델1!E111 -> 698.3064 | C20: =계산_모델1!E192 -> 11.743269 | D20: =계산_모델2!E111 -> 328.3622 | E20: =계산_모델2!E192 -> 23.289554 | F20: =계산_모델3!E111 -> 601.45918 | G20: =계산_모델3!E192 -> 24.937139 | H20: =계산_모델4!E111 -> 500.41086 | I20: =계산_모델4!E192 -> 20.730284 | J20: =계산_모델5!E111 -> 277.23053 | K20: =계산_모델5!E192 -> 26.887335
A21: =설정!$F$54 -> 2048 | B21: =계산_모델1!F111 -> 1415.9646 | C21: =계산_모델1!F192 -> 11.546997 | D21: =계산_모델2!F111 -> 607.39417 | E21: =계산_모델2!F192 -> 23.143273 | F21: =계산_모델3!F111 -> 842.38518 | G21: =계산_모델3!F192 -> 24.797285 | H21: =계산_모델4!F111 -> 753.0879 | I21: =계산_모델4!F192 -> 20.633545 | J21: =계산_모델5!F111 -> 566.61203 | K21: =계산_모델5!F192 -> 26.001887
A22: =설정!$G$54 -> 4096 | B22: =계산_모델1!G111 -> 2905.975 | C22: =계산_모델1!G192 -> 11.173497 | D22: =계산_모델2!G111 -> 1243.6905 | E22: =계산_모델2!G192 -> 22.856154 | F22: =계산_모델3!G111 -> 1347.8595 | G22: =계산_모델3!G192 -> 24.522232 | H22: =계산_모델4!G111 -> 1340.1053 | I22: =계산_모델4!G192 -> 20.44275 | J22: =계산_모델5!G111 -> 1194.9819 | K22: =계산_모델5!G192 -> 24.395136
A23: =설정!$H$54 -> 8192 | B23: =계산_모델1!H111 -> 6209.2591 | C23: =계산_모델1!H192 -> 10.49458 | D23: =계산_모델2!H111 -> 2629.6702 | E23: =계산_모델2!H192 -> 22.302771 | F23: =계산_모델3!H111 -> 2453.2974 | G23: =계산_모델3!H192 -> 23.990034 | H23: =계산_모델4!H111 -> 2804.5769 | I23: =계산_모델4!H192 -> 20.071555 | J23: =계산_모델5!H111 -> 2650.1491 | K23: =계산_모델5!H192 -> 21.711831
A24: TTFT = 프롬프트 전체 프리필 + 첫 토큰 LM head (top-k 오버헤드 포함). tok/s = 위 컨텍스트 시점의 디코드 속도.
A26: MoE top-k 오버헤드 (Dense 모델은 0)
B27: =모델!B6 -> Llama 3.1 8B Instruct | D27: =모델!C6 -> gpt-oss-20b | F27: =모델!D6 -> Qwen3.6-35B-A3B | H27: =모델!E6 -> Gemma 4 26B-A4B | J27: =모델!F6 -> Llama 3.2 3B Instruct
A28: 입력 길이 | B28: TTFT 중 (ms) | C28: 토큰당 (ms) | D28: TTFT 중 (ms) | E28: 토큰당 (ms) | F28: TTFT 중 (ms) | G28: 토큰당 (ms) | H28: TTFT 중 (ms) | I28: 토큰당 (ms) | J28: TTFT 중 (ms) | K28: 토큰당 (ms)
A29: =설정!$B$54 -> 128 | B29: =계산_모델1!B104 -> 0 | C29: =계산_모델1!B187 -> 0 | D29: =계산_모델2!B104 -> 2.6236416 | E29: =계산_모델2!B187 -> 2.4017472 | F29: =계산_모델3!B104 -> 6.90816 | G29: =계산_모델3!B187 -> 4.02272 | H29: =계산_모델4!B104 -> 4.099776 | I29: =계산_모델4!B187 -> 3.008592 | J29: =계산_모델5!B104 -> 0 | K29: =계산_모델5!B187 -> 0
A30: =설정!$C$54 -> 256 | B30: =계산_모델1!C104 -> 0 | C30: =계산_모델1!C187 -> 0 | D30: =계산_모델2!C104 -> 2.8472832 | E30: =계산_모델2!C187 -> 2.4017472 | F30: =계산_모델3!C104 -> 9.81632 | G30: =계산_모델3!C187 -> 4.02272 | H30: =계산_모델4!C104 -> 5.199552 | I30: =계산_모델4!C187 -> 3.008592 | J30: =계산_모델5!C104 -> 0 | K30: =계산_모델5!C187 -> 0
A31: =설정!$D$54 -> 512 | B31: =계산_모델1!D104 -> 0 | C31: =계산_모델1!D187 -> 0 | D31: =계산_모델2!D104 -> 3.2945664 | E31: =계산_모델2!D187 -> 2.4017472 | F31: =계산_모델3!D104 -> 15.63264 | G31: =계산_모델3!D187 -> 4.02272 | H31: =계산_모델4!D104 -> 7.399104 | I31: =계산_모델4!D187 -> 3.008592 | J31: =계산_모델5!D104 -> 0 | K31: =계산_모델5!D187 -> 0
A32: =설정!$E$54 -> 1024 | B32: =계산_모델1!E104 -> 0 | C32: =계산_모델1!E187 -> 0 | D32: =계산_모델2!E104 -> 4.1891328 | E32: =계산_모델2!E187 -> 2.4017472 | F32: =계산_모델3!E104 -> 27.26528 | G32: =계산_모델3!E187 -> 4.02272 | H32: =계산_모델4!E104 -> 11.798208 | I32: =계산_모델4!E187 -> 3.008592 | J32: =계산_모델5!E104 -> 0 | K32: =계산_모델5!E187 -> 0
A33: =설정!$F$54 -> 2048 | B33: =계산_모델1!F104 -> 0 | C33: =계산_모델1!F187 -> 0 | D33: =계산_모델2!F104 -> 5.9782656 | E33: =계산_모델2!F187 -> 2.4017472 | F33: =계산_모델3!F104 -> 50.53056 | G33: =계산_모델3!F187 -> 4.02272 | H33: =계산_모델4!F104 -> 20.596416 | I33: =계산_모델4!F187 -> 3.008592 | J33: =계산_모델5!F104 -> 0 | K33: =계산_모델5!F187 -> 0
A34: =설정!$G$54 -> 4096 | B34: =계산_모델1!G104 -> 0 | C34: =계산_모델1!G187 -> 0 | D34: =계산_모델2!G104 -> 9.5565312 | E34: =계산_모델2!G187 -> 2.4017472 | F34: =계산_모델3!G104 -> 97.06112 | G34: =계산_모델3!G187 -> 4.02272 | H34: =계산_모델4!G104 -> 38.192832 | I34: =계산_모델4!G187 -> 3.008592 | J34: =계산_모델5!G104 -> 0 | K34: =계산_모델5!G187 -> 0
A35: =설정!$H$54 -> 8192 | B35: =계산_모델1!H104 -> 0 | C35: =계산_모델1!H187 -> 0 | D35: =계산_모델2!H104 -> 16.713062 | E35: =계산_모델2!H187 -> 2.4017472 | F35: =계산_모델3!H104 -> 190.12224 | G35: =계산_모델3!H187 -> 4.02272 | H35: =계산_모델4!H104 -> 73.385664 | I35: =계산_모델4!H187 -> 3.008592 | J35: =계산_모델5!H104 -> 0 | K35: =계산_모델5!H187 -> 0
A37: Gated DeltaNet 코어 시간 (GDN 없는 모델은 0, 오버헤드 비율 적용 전)
B38: =모델!B6 -> Llama 3.1 8B Instruct | D38: =모델!C6 -> gpt-oss-20b | F38: =모델!D6 -> Qwen3.6-35B-A3B | H38: =모델!E6 -> Gemma 4 26B-A4B | J38: =모델!F6 -> Llama 3.2 3B Instruct
A39: 입력 길이 | B39: 프리필 (ms) | C39: 토큰당 (ms) | D39: 프리필 (ms) | E39: 토큰당 (ms) | F39: 프리필 (ms) | G39: 토큰당 (ms) | H39: 프리필 (ms) | I39: 토큰당 (ms) | J39: 프리필 (ms) | K39: 토큰당 (ms)
A40: =설정!$B$54 -> 128 | B40: =계산_모델1!B103 -> 0 | C40: =계산_모델1!B186 -> 0 | D40: =계산_모델2!B103 -> 0 | E40: =계산_모델2!B186 -> 0 | F40: =계산_모델3!B103 -> 2.1636518 | G40: =계산_모델3!B186 -> 2.5034165 | H40: =계산_모델4!B103 -> 0 | I40: =계산_모델4!B186 -> 0 | J40: =계산_모델5!B103 -> 0 | K40: =계산_모델5!B186 -> 0
A41: =설정!$C$54 -> 256 | B41: =계산_모델1!C103 -> 0 | C41: =계산_모델1!C186 -> 0 | D41: =계산_모델2!C103 -> 0 | E41: =계산_모델2!C186 -> 0 | F41: =계산_모델3!C103 -> 3.6909875 | G41: =계산_모델3!C186 -> 2.5034165 | H41: =계산_모델4!C103 -> 0 | I41: =계산_모델4!C186 -> 0 | J41: =계산_모델5!C103 -> 0 | K41: =계산_모델5!C186 -> 0
A42: =설정!$D$54 -> 512 | B42: =계산_모델1!D103 -> 0 | C42: =계산_모델1!D186 -> 0 | D42: =계산_모델2!D103 -> 0 | E42: =계산_모델2!D186 -> 0 | F42: =계산_모델3!D103 -> 7.381975 | G42: =계산_모델3!D186 -> 2.5034165 | H42: =계산_모델4!D103 -> 0 | I42: =계산_모델4!D186 -> 0 | J42: =계산_모델5!D103 -> 0 | K42: =계산_모델5!D186 -> 0
A43: =설정!$E$54 -> 1024 | B43: =계산_모델1!E103 -> 0 | C43: =계산_모델1!E186 -> 0 | D43: =계산_모델2!E103 -> 0 | E43: =계산_모델2!E186 -> 0 | F43: =계산_모델3!E103 -> 14.76395 | G43: =계산_모델3!E186 -> 2.5034165 | H43: =계산_모델4!E103 -> 0 | I43: =계산_모델4!E186 -> 0 | J43: =계산_모델5!E103 -> 0 | K43: =계산_모델5!E186 -> 0
A44: =설정!$F$54 -> 2048 | B44: =계산_모델1!F103 -> 0 | C44: =계산_모델1!F186 -> 0 | D44: =계산_모델2!F103 -> 0 | E44: =계산_모델2!F186 -> 0 | F44: =계산_모델3!F103 -> 29.5279 | G44: =계산_모델3!F186 -> 2.5034165 | H44: =계산_모델4!F103 -> 0 | I44: =계산_모델4!F186 -> 0 | J44: =계산_모델5!F103 -> 0 | K44: =계산_모델5!F186 -> 0
A45: =설정!$G$54 -> 4096 | B45: =계산_모델1!G103 -> 0 | C45: =계산_모델1!G186 -> 0 | D45: =계산_모델2!G103 -> 0 | E45: =계산_모델2!G186 -> 0 | F45: =계산_모델3!G103 -> 59.0558 | G45: =계산_모델3!G186 -> 2.5034165 | H45: =계산_모델4!G103 -> 0 | I45: =계산_모델4!G186 -> 0 | J45: =계산_모델5!G103 -> 0 | K45: =계산_모델5!G186 -> 0
A46: =설정!$H$54 -> 8192 | B46: =계산_모델1!H103 -> 0 | C46: =계산_모델1!H186 -> 0 | D46: =계산_모델2!H103 -> 0 | E46: =계산_모델2!H186 -> 0 | F46: =계산_모델3!H103 -> 118.1116 | G46: =계산_모델3!H186 -> 2.5034165 | H46: =계산_모델4!H103 -> 0 | I46: =계산_모델4!H186 -> 0 | J46: =계산_모델5!H103 -> 0 | K46: =계산_모델5!H186 -> 0
A48: 응답 완료 시간 / 필요 DRAM (출력 토큰 수는 '설정' 기준, 빨간 칸 = DRAM 용량 초과)
B49: =모델!B6 -> Llama 3.1 8B Instruct | D49: =모델!C6 -> gpt-oss-20b | F49: =모델!D6 -> Qwen3.6-35B-A3B | H49: =모델!E6 -> Gemma 4 26B-A4B | J49: =모델!F6 -> Llama 3.2 3B Instruct
A50: 입력 길이 | B50: 응답 완료 (s) | C50: 필요 DRAM (GiB) | D50: 응답 완료 (s) | E50: 필요 DRAM (GiB) | F50: 응답 완료 (s) | G50: 필요 DRAM (GiB) | H50: 응답 완료 (s) | I50: 필요 DRAM (GiB) | J50: 응답 완료 (s) | K50: 필요 DRAM (GiB)
A51: =설정!$B$54 -> 128 | B51: =계산_모델1!B201 -> 21.504109 | C51: =계산_모델1!B210 -> 4.3795471 | D51: =계산_모델2!B201 -> 11.12405 | E51: =계산_모델2!B210 -> 10.547084 | F51: =계산_모델3!B201 -> 10.569192 | G51: =계산_모델3!B210 -> 17.216595 | H51: =계산_모델4!B201 -> 12.114169 | I51: =계산_모델4!B210 -> 12.66227 | J51: =계산_모델5!B201 -> 9.2419873 | K51: =계산_모델5!B210 -> 2.0632286
A52: =설정!$C$54 -> 256 | B52: =계산_모델1!C201 -> 21.631032 | C52: =계산_모델1!C210 -> 4.3873596 | D52: =계산_모델2!C201 -> 11.144823 | E52: =계산_모델2!C210 -> 10.548549 | F52: =계산_모델3!C201 -> 10.608713 | G52: =계산_모델3!C210 -> 17.217815 | H52: =계산_모델4!C201 -> 12.220246 | I52: =계산_모델4!C210 -> 12.675698 | J52: =계산_모델5!C201 -> 9.3144707 | K52: =계산_모델5!C210 -> 2.0700645
A53: =설정!$D$54 -> 512 | B53: =계산_모델1!D201 -> 21.889854 | C53: =계산_모델1!D210 -> 4.4029846 | D53: =계산_모델2!D201 -> 11.188262 | E53: =계산_모델2!D210 -> 10.551479 | F53: =계산_모델3!D201 -> 10.680857 | G53: =계산_모델3!D210 -> 17.220257 | H53: =계산_모델4!D201 -> 12.436293 | I53: =계산_모델4!D210 -> 12.702553 | J53: =계산_모델5!D201 -> 9.4617411 | K53: =계산_모델5!D210 -> 2.0837364
A54: =설정!$E$54 -> 1024 | B54: =계산_모델1!E201 -> 22.412872 | C54: =계산_모델1!E210 -> 4.4342346 | D54: =계산_모델2!E201 -> 11.277477 | E54: =계산_모델2!E210 -> 10.557338 | F54: =계산_모델3!E201 -> 10.827171 | G54: =계산_모델3!E210 -> 17.22514 | H54: =계산_모델4!E201 -> 12.801256 | I54: =계산_모델4!E210 -> 12.73185 | J54: =계산_모델5!E201 -> 9.7612496 | K54: =계산_모델5!E210 -> 2.1110802
A55: =설정!$F$54 -> 2048 | B55: =계산_모델1!F201 -> 23.499629 | C55: =계산_모델1!F210 -> 4.4967346 | D55: =계산_모델2!F201 -> 11.625715 | E55: =계산_모델2!F210 -> 10.569057 | F55: =계산_모델3!F201 -> 11.125769 | G55: =계산_모델3!F210 -> 17.234905 | H55: =계산_모델4!F201 -> 13.111604 | I55: =계산_모델4!F210 -> 12.741616 | J55: =계산_모델5!F201 -> 10.373593 | K55: =계산_모델5!F210 -> 2.1657677
A56: =설정!$G$54 -> 4096 | B56: =계산_모델1!G201 -> 25.727837 | C56: =계산_모델1!G210 -> 4.6217346 | D56: =계산_모델2!G201 -> 12.400423 | E56: =계산_모델2!G210 -> 10.592494 | F56: =계산_모델3!G201 -> 11.746587 | G56: =계산_모델3!G210 -> 17.254436 | H56: =계산_모델4!G201 -> 13.813965 | I56: =계산_모델4!G210 -> 12.761147 | J56: =계산_모델5!G201 -> 11.647885 | K56: =계산_모델5!G210 -> 2.2751427
A57: =설정!$H$54 -> 8192 | B57: =계산_모델1!H201 -> 30.507516 | C57: =계산_모델1!H210 -> 4.8717346 | D57: =계산_모델2!H201 -> 14.063227 | E57: =계산_모델2!H210 -> 10.639369 | F57: =계산_모델3!H201 -> 13.082711 | G57: =계산_모델3!H210 -> 17.293499 | H57: =계산_모델4!H201 -> 15.509123 | I57: =계산_모델4!H210 -> 12.80021 | J57: =계산_모델5!H201 -> 14.394898 | K57: =계산_모델5!H210 -> 2.4938927

Sheet 설정
A1: LLM NPU 성능 예측 계산기 — 설정
A2: 노란 칸(파란 글씨)이 입력값입니다. 들어 있는 숫자는 계산이 돌아가도록 넣은 예시값이니 실제 NPU/경량화 값으로 바꿔 주세요.
A4: 하드웨어 (NPU) — 직접 입력
A5: DRAM 대역폭 | B5: 68 | C5: GB/s | D5: 예시값
A6: 대역폭 실효율 | B6: 0.75 | D6: 피크 대비 실제 활용 비율
A7: 연산 실효율 | B7: 0.6 | D7: 피크 TOPS 대비 실제 활용 비율 (아래 모든 TOPS에 적용)
A8: Gated DeltaNet 코어 피크 TOPS | B8: 20 | C8: TOPS | D8: linear attention 코어(chunk 행렬곱, state 갱신). fp16 MAC 또는 vector unit 성능을 입력
A9: On-chip SRAM | B9: 4 | C9: MB
A10: SRAM 중 타일링 가용 비율 | B10: 0.8 | D10: 가용분을 입력 타일/가중치 타일에 반씩 배분
A11: DRAM 용량 | B11: 16 | C11: GiB | D11: 제품 표기 용량 (1 GiB = 2^30 B). 예시값
A12: OS/런타임 예약 용량 | B12: 3 | C12: GiB | D12: OS, 다른 앱, NPU 런타임, 펌웨어 등이 쓰는 몫
A13: 작업 버퍼 (activation, 임시 텐서) | B13: 0.5 | C13: GiB | D13: 모델 실행 중 중간 결과용
A14: 기타 연산 오버헤드 | B14: 0.1 | D14: Norm, RoPE, softmax, 활성화 함수, residual, conv1d 등. 선형층+어텐션 시간에 곱해짐
A15: 프리필 고정 지연 | B15: 0 | C15: ms | D15: 런타임/디스패치 등
A16: 디코드 토큰당 고정 지연 | B16: 0 | C16: ms
A18: 피크 TOPS 표 (Weight bit × Activation bit) | D18: 1 MAC = 2 ops 기준. 어텐션(QK·PV)은 KV bit를 Weight bit 자리에 넣어 조회
A19: Weight bit ＼ Activation bit | B19: 8 | C19: 16
A20: 4 | B20: 40 | C20: 20
A21: 8 | B21: 40 | C21: 20
A22: 16 | B22: 20 | C22: 20
A23: 표에 없는 bit는 그보다 작은 값 중 가장 가까운 행/열을 사용합니다 (예: W6 → W4 행).
A25: 경량화 — 직접 입력
A26: 구분 | B26: Weight bit | C26: Group 크기 | D26: Scale bit | E26: 적용 대상 / 설명
A27: Attention | B27: 4 | C27: 128 | D27: 16 | E27: full/sliding attention의 q/k/v/o_proj
A28: Linear attn (GDN) | B28: 4 | C28: 128 | D28: 16 | E28: Gated DeltaNet의 in_proj_qkv/z/a/b, out_proj
A29: FFN / Expert | B29: 4 | C29: 128 | D29: 16 | E29: dense MLP, shared expert, routed expert의 gate/up/down
A30: Router (MoE) | B30: 8 | C30: 128 | D30: 16 | E30: MoE gate. Dense 모델에는 영향 없음
A31: LM head | B31: 4 | C31: 128 | D31: 16 | E31: 출력 projection
A32: Embedding | B32: 4 | C32: 128 | D32: 16 | E32: lookup만 하므로 저장 용량에만 반영
A33: Group 크기 0 = per-channel (출력 채널마다 scale 1개). Weight bit 16 = 경량화 안 함 (scale 무시하려면 Scale bit 0).
A35: Activation bit | B35: 8 | C35: bit | D35: 8 또는 16
A36: KV cache bit | B36: 8 | C36: bit
A37: GDN recurrent state bit | B37: 32 | C37: bit | D37: Qwen3.6 config의 mamba_ssm_dtype = float32. fp16로 유지하면 16
A39: MoE top-k 처리 — 직접 입력 (Dense 모델에는 영향 없음)
A40: Top-k 실행 위치 | B40: CPU | D40: CPU = NPU에서 router logit을 CPU로 보냈다가 결과를 받아옴 / NPU = NPU 내부 처리
A41: NPU→CPU→NPU 왕복 고정 지연 | B41: 100 | C41: µs | D41: MoE layer당 1회. 동기화, 캐시 flush/invalidate, 인터럽트, 다음 연산 재개 비용
A42: NPU↔CPU 데이터 전송 대역폭 | B42: 10 | C42: GB/s | D42: 공유 DRAM이면 실효 복사 속도, PCIe면 링크 속도
A43: Router logit 전송 bit | B43: 16 | C43: bit | D43: NPU→CPU로 보내는 logit 정밀도
A44: 반환 데이터 (토큰×선택 expert당) | B44: 6 | C44: B | D44: 예: expert index int32 4B + routing weight fp16 2B
A45: CPU top-k+softmax 처리 시간 | B45: 2 | C45: ns/logit | D45: logit 하나(토큰×expert)당 CPU 처리 시간
A46: NPU 내부 top-k 비용 (NPU 선택 시) | B46: 5 | C46: µs | D46: MoE layer당. CPU 선택 시 무시
A47: 프리필 expert 사용 수 기준 | B47: 균등 | D47: 균등 = E×(1−(1−k/E)^N) 공식 (보수적 상한) / 실측 = 'Expert 실측' 시트 값 사용 (빈 칸은 균등으로 대체)
A49: 시나리오
A50: Batch | B50: 1 | D50: batch 1 기준 계산기
A51: 출력 토큰 수 | B51: 256 | C51: tokens | D51: 디코드 컨텍스트 계산용
A52: 디코드 컨텍스트 위치 | B52: 0.5 | D52: tok/s 계산 시점 = 입력 + 출력×이 값 (0 = 첫 토큰, 0.5 = 생성 구간 평균)
A54: 입력 시퀀스 길이 | B54: 128 | C54: 256 | D54: 512 | E54: 1024 | F54: 2048 | G54: 4096 | H54: 8192
A56: 파생값 (자동 계산)
A57: Activation 바이트 | B57: =설정!$B$35/8 -> 1 | C57: B
A58: KV cache 바이트 | B58: =설정!$B$36/8 -> 1 | C58: B
A59: GDN state 바이트 | B59: =설정!$B$37/8 -> 4 | C59: B
A60: 실효 대역폭 | B60: =설정!$B$5*1000000000*설정!$B$6 -> 51000000000 | C60: B/s
A61: 타일 버퍼 크기 (입력 또는 가중치용) | B61: =설정!$B$9*1024*1024*설정!$B$10/2 -> 1677721.6 | C61: B
A62: 모델이 쓸 수 있는 DRAM | B62: =설정!$B$11-설정!$B$12 -> 13 | C62: GiB | D62: DRAM 용량 − 예약 용량
A63: Attention 실효 연산 성능 | B63: =IFERROR(INDEX(설정!$B$20:$C$22,MATCH(설정!$B$27,설정!$A$20:$A$22,1),MATCH(설정!$B$35,설정!$B$19:$C$19,1)),INDEX(설정!$B$20:$C$22,1,1))*1000000000000*설정!$B$7 -> 24000000000000 | C63: ops/s | D63: TOPS 표에서 조회 × 연산 실효율
A64: Linear attn (GDN) 실효 연산 성능 | B64: =IFERROR(INDEX(설정!$B$20:$C$22,MATCH(설정!$B$28,설정!$A$20:$A$22,1),MATCH(설정!$B$35,설정!$B$19:$C$19,1)),INDEX(설정!$B$20:$C$22,1,1))*1000000000000*설정!$B$7 -> 24000000000000 | C64: ops/s | D64: TOPS 표에서 조회 × 연산 실효율
A65: FFN / Expert 실효 연산 성능 | B65: =IFERROR(INDEX(설정!$B$20:$C$22,MATCH(설정!$B$29,설정!$A$20:$A$22,1),MATCH(설정!$B$35,설정!$B$19:$C$19,1)),INDEX(설정!$B$20:$C$22,1,1))*1000000000000*설정!$B$7 -> 24000000000000 | C65: ops/s | D65: TOPS 표에서 조회 × 연산 실효율
A66: Router (MoE) 실효 연산 성능 | B66: =IFERROR(INDEX(설정!$B$20:$C$22,MATCH(설정!$B$30,설정!$A$20:$A$22,1),MATCH(설정!$B$35,설정!$B$19:$C$19,1)),INDEX(설정!$B$20:$C$22,1,1))*1000000000000*설정!$B$7 -> 24000000000000 | C66: ops/s | D66: TOPS 표에서 조회 × 연산 실효율
A67: LM head 실효 연산 성능 | B67: =IFERROR(INDEX(설정!$B$20:$C$22,MATCH(설정!$B$31,설정!$A$20:$A$22,1),MATCH(설정!$B$35,설정!$B$19:$C$19,1)),INDEX(설정!$B$20:$C$22,1,1))*1000000000000*설정!$B$7 -> 24000000000000 | C67: ops/s | D67: TOPS 표에서 조회 × 연산 실효율
A68: 어텐션(QK·PV) 실효 연산 성능 | B68: =IFERROR(INDEX(설정!$B$20:$C$22,MATCH(설정!$B$36,설정!$A$20:$A$22,1),MATCH(설정!$B$35,설정!$B$19:$C$19,1)),INDEX(설정!$B$20:$C$22,1,1))*1000000000000*설정!$B$7 -> 24000000000000 | C68: ops/s | D68: KV bit × Activation bit로 조회
A69: GDN 코어 실효 연산 성능 | B69: =설정!$B$8*1000000000000*설정!$B$7 -> 12000000000000 | C69: ops/s
A70: 현재 설정 요약 | B70: ="Attn W"&설정!$B$27&" / GDN W"&설정!$B$28&" / FFN W"&설정!$B$29&" / Router W"&설정!$B$30&" / LM W"&설정!$B$31&" / A"&설정!$B$35&" / KV"&설정!$B$36&" / state "&설정!$B$37&"b / top-k "&설정!$B$40 -> Attn W4 / GDN W4 / FFN W4 / Router W8 / LM W4 / A8 / KV8 / state 32b / top-k CPU

Sheet 모델
A1: 모델 파라미터 (Hugging Face config.json 기준, 텍스트 모델만)
A2: 노란 칸 수정 가능. 사용하지 않는 블록은 layer 수를 0으로 두면 됩니다. 모델 5 칸은 사용자 정의용 (예시: Llama 3.2 3B Instruct).
A4: 항목 | B4: 모델 1 | C4: 모델 2 | D4: 모델 3 | E4: 모델 4 | F4: 모델 5 | G4: HF config 키 / 설명
A5: 공통
A6: 모델 이름 | B6: Llama 3.1 8B Instruct | C6: gpt-oss-20b | D6: Qwen3.6-35B-A3B | E6: Gemma 4 26B-A4B | F6: Llama 3.2 3B Instruct
A7: 전체 Layer 수 | B7: 32 | C7: 24 | D7: 40 | E7: 30 | F7: 28 | G7: num_hidden_layers
A8: Hidden 크기 | B8: 4096 | C8: 2880 | D8: 2048 | E8: 2816 | F8: 3072 | G8: hidden_size
A9: Vocab 크기 | B9: 128256 | C9: 201088 | D9: 248320 | E9: 262144 | F9: 128256 | G9: vocab_size
A10: 임베딩 공유 (1/0) | B10: 0 | C10: 0 | D10: 0 | E10: 1 | F10: 1 | G10: tie_word_embeddings
A11: Full (global) attention
A12: Layer 수 | B12: 32 | C12: 12 | D12: 10 | E12: 5 | F12: 28 | G12: layer_types 중 full_attention 개수
A13: Query head 수 | B13: 32 | C13: 64 | D13: 16 | E13: 16 | F13: 24 | G13: num_attention_heads
A14: KV head 수 | B14: 8 | C14: 8 | D14: 2 | E14: 2 | F14: 8 | G14: num_key_value_heads (Gemma 4: num_global_key_value_heads)
A15: Head 차원 | B15: 128 | C15: 64 | D15: 256 | E15: 512 | F15: 128 | G15: head_dim (Gemma 4: global_head_dim)
A16: q_proj 출력 배수 | B16: 1 | C16: 1 | D16: 2 | E16: 1 | F16: 1 | G16: Qwen3.6 attn_output_gate = 2 (query + gate), 그 외 1
A17: v_proj 존재 (1/0) | B17: 1 | C17: 1 | D17: 1 | E17: 0 | F17: 1 | G17: Gemma 4 global은 attention_k_eq_v → 0 (V=K, KV cache는 K/V 모두 저장으로 가정)
A18: Sliding window attention
A19: Layer 수 | B19: 0 | C19: 12 | D19: 0 | E19: 25 | F19: 0 | G19: layer_types 중 sliding_attention 개수
A20: Window 크기 | B20: 0 | C20: 128 | D20: 0 | E20: 1024 | F20: 0 | G20: sliding_window
A21: Query head 수 | B21: 0 | C21: 64 | D21: 0 | E21: 16 | F21: 0 | G21: num_attention_heads
A22: KV head 수 | B22: 0 | C22: 8 | D22: 0 | E22: 8 | F22: 0 | G22: num_key_value_heads
A23: Head 차원 | B23: 0 | C23: 64 | D23: 0 | E23: 256 | F23: 0 | G23: head_dim
A24: v_proj 존재 (1/0) | B24: 1 | C24: 1 | D24: 1 | E24: 1 | F24: 1
A25: Linear attention (Gated DeltaNet)
A26: Layer 수 | B26: 0 | C26: 0 | D26: 30 | E26: 0 | F26: 0 | G26: layer_types 중 linear_attention 개수
A27: Key head 수 | B27: 0 | C27: 0 | D27: 16 | E27: 0 | F27: 0 | G27: linear_num_key_heads
A28: Key head 차원 | B28: 0 | C28: 0 | D28: 128 | E28: 0 | F28: 0 | G28: linear_key_head_dim
A29: Value head 수 | B29: 0 | C29: 0 | D29: 32 | E29: 0 | F29: 0 | G29: linear_num_value_heads
A30: Value head 차원 | B30: 0 | C30: 0 | D30: 128 | E30: 0 | F30: 0 | G30: linear_value_head_dim
A31: Conv kernel 크기 | B31: 0 | C31: 0 | D31: 4 | E31: 0 | F31: 0 | G31: linear_conv_kernel_dim
A32: Chunk 크기 (프리필) | B32: 64 | C32: 64 | D32: 64 | E32: 64 | F32: 64 | G32: transformers chunk_gated_delta_rule 기본값 64
A33: FFN / MoE
A34: 항상 활성 FFN intermediate | B34: 14336 | C34: 0 | D34: 512 | E34: 2112 | F34: 8192 | G34: Dense MLP intermediate_size, Qwen은 shared_expert_intermediate_size, Gemma 4는 MoE 옆 dense MLP. 없으면 0
A35: FFN 행렬 수 | B35: 3 | C35: 3 | D35: 3 | E35: 3 | F35: 3 | G35: SwiGLU/GeGLU = 3 (gate, up, down). 융합된 gate_up도 3으로 계산
A36: Routed expert 수 | B36: 0 | C36: 32 | D36: 256 | E36: 128 | F36: 0 | G36: num_local_experts / num_experts (Dense = 0)
A37: 토큰당 활성 expert 수 | B37: 0 | C37: 4 | D37: 8 | E37: 8 | F37: 0 | G37: num_experts_per_tok / top_k_experts (Dense = 0)
A38: Expert intermediate | B38: 0 | C38: 2880 | D38: 512 | E38: 704 | F38: 0 | G38: moe_intermediate_size (gpt-oss는 intermediate_size)
A39: 출처 (2026-10-01 확인, 구조는 transformers main 브랜치 modeling 코드로 교차 확인):
A40: Llama 3.1 8B Instruct: huggingface.co/meta-llama/Llama-3.1-8B-Instruct (gated, 공개 미러 unsloth/Llama-3.1-8B-Instruct의 동일 config로 확인)
A41: gpt-oss-20b: huggingface.co/openai/gpt-oss-20b
A42: Qwen3.6-35B-A3B: huggingface.co/Qwen/Qwen3.6-35B-A3B (text_config). vision tower, MTP layer는 제외
A43: Gemma 4 26B-A4B: huggingface.co/google/gemma-4-26b-a4b (text_config). vision/audio tower는 제외
A44: Llama 3.2 3B Instruct: huggingface.co/meta-llama/Llama-3.2-3B-Instruct (unsloth 미러로 확인)
A45: bias, norm 가중치, attention sink, GDN conv1d/A_log/dt_bias, shared_expert_gate 등 미미한 항목은 파라미터 수에서 제외.
A47: 파생값 (자동 계산)
A48: Layer 수 검증 | B48: =IF(모델!$B$12+모델!$B$19+모델!$B$26=모델!$B$7,"OK","불일치") -> OK | C48: =IF(모델!$C$12+모델!$C$19+모델!$C$26=모델!$C$7,"OK","불일치") -> OK | D48: =IF(모델!$D$12+모델!$D$19+모델!$D$26=모델!$D$7,"OK","불일치") -> OK | E48: =IF(모델!$E$12+모델!$E$19+모델!$E$26=모델!$E$7,"OK","불일치") -> OK | F48: =IF(모델!$F$12+모델!$F$19+모델!$F$26=모델!$F$7,"OK","불일치") -> OK | G48: full + sliding + linear = 전체 layer 수
A49: MoE layer 수 | B49: =IF(모델!$B$36>1,모델!$B$7,0) -> 0 | C49: =IF(모델!$C$36>1,모델!$C$7,0) -> 24 | D49: =IF(모델!$D$36>1,모델!$D$7,0) -> 40 | E49: =IF(모델!$E$36>1,모델!$E$7,0) -> 30 | F49: =IF(모델!$F$36>1,모델!$F$7,0) -> 0 | G49: top-k 오버헤드 발생 횟수
A50: Full attention 파라미터/layer | B50: =모델!$B$8*모델!$B$13*모델!$B$15*모델!$B$16+모델!$B$8*모델!$B$14*모델!$B$15*(1+모델!$B$17)+모델!$B$13*모델!$B$15*모델!$B$8 -> 41943040 | C50: =모델!$C$8*모델!$C$13*모델!$C$15*모델!$C$16+모델!$C$8*모델!$C$14*모델!$C$15*(1+모델!$C$17)+모델!$C$13*모델!$C$15*모델!$C$8 -> 26542080 | D50: =모델!$D$8*모델!$D$13*모델!$D$15*모델!$D$16+모델!$D$8*모델!$D$14*모델!$D$15*(1+모델!$D$17)+모델!$D$13*모델!$D$15*모델!$D$8 -> 27262976 | E50: =모델!$E$8*모델!$E$13*모델!$E$15*모델!$E$16+모델!$E$8*모델!$E$14*모델!$E$15*(1+모델!$E$17)+모델!$E$13*모델!$E$15*모델!$E$8 -> 49020928 | F50: =모델!$F$8*모델!$F$13*모델!$F$15*모델!$F$16+모델!$F$8*모델!$F$14*모델!$F$15*(1+모델!$F$17)+모델!$F$13*모델!$F$15*모델!$F$8 -> 25165824
A51: Sliding attention 파라미터/layer | B51: =모델!$B$8*모델!$B$21*모델!$B$23+모델!$B$8*모델!$B$22*모델!$B$23*(1+모델!$B$24)+모델!$B$21*모델!$B$23*모델!$B$8 -> 0 | C51: =모델!$C$8*모델!$C$21*모델!$C$23+모델!$C$8*모델!$C$22*모델!$C$23*(1+모델!$C$24)+모델!$C$21*모델!$C$23*모델!$C$8 -> 26542080 | D51: =모델!$D$8*모델!$D$21*모델!$D$23+모델!$D$8*모델!$D$22*모델!$D$23*(1+모델!$D$24)+모델!$D$21*모델!$D$23*모델!$D$8 -> 0 | E51: =모델!$E$8*모델!$E$21*모델!$E$23+모델!$E$8*모델!$E$22*모델!$E$23*(1+모델!$E$24)+모델!$E$21*모델!$E$23*모델!$E$8 -> 34603008 | F51: =모델!$F$8*모델!$F$21*모델!$F$23+모델!$F$8*모델!$F$22*모델!$F$23*(1+모델!$F$24)+모델!$F$21*모델!$F$23*모델!$F$8 -> 0
A52: GDN conv 채널 수 | B52: =2*모델!$B$27*모델!$B$28+모델!$B$29*모델!$B$30 -> 0 | C52: =2*모델!$C$27*모델!$C$28+모델!$C$29*모델!$C$30 -> 0 | D52: =2*모델!$D$27*모델!$D$28+모델!$D$29*모델!$D$30 -> 8192 | E52: =2*모델!$E$27*모델!$E$28+모델!$E$29*모델!$E$30 -> 0 | F52: =2*모델!$F$27*모델!$F$28+모델!$F$29*모델!$F$30 -> 0 | G52: q, k, v 채널 합
A53: Linear attn (GDN) 파라미터/layer | B53: =모델!$B$8*(모델!$B$52+모델!$B$29*모델!$B$30+2*모델!$B$29)+모델!$B$29*모델!$B$30*모델!$B$8 -> 0 | C53: =모델!$C$8*(모델!$C$52+모델!$C$29*모델!$C$30+2*모델!$C$29)+모델!$C$29*모델!$C$30*모델!$C$8 -> 0 | D53: =모델!$D$8*(모델!$D$52+모델!$D$29*모델!$D$30+2*모델!$D$29)+모델!$D$29*모델!$D$30*모델!$D$8 -> 33685504 | E53: =모델!$E$8*(모델!$E$52+모델!$E$29*모델!$E$30+2*모델!$E$29)+모델!$E$29*모델!$E$30*모델!$E$8 -> 0 | F53: =모델!$F$8*(모델!$F$52+모델!$F$29*모델!$F$30+2*모델!$F$29)+모델!$F$29*모델!$F$30*모델!$F$8 -> 0 | G53: in_proj_qkv, z, a, b + out_proj
A54: 항상 활성 FFN 파라미터/layer | B54: =모델!$B$35*모델!$B$8*모델!$B$34 -> 176160768 | C54: =모델!$C$35*모델!$C$8*모델!$C$34 -> 0 | D54: =모델!$D$35*모델!$D$8*모델!$D$34 -> 3145728 | E54: =모델!$E$35*모델!$E$8*모델!$E$34 -> 17842176 | F54: =모델!$F$35*모델!$F$8*모델!$F$34 -> 75497472
A55: Expert 파라미터/expert/layer | B55: =모델!$B$35*모델!$B$8*모델!$B$38 -> 0 | C55: =모델!$C$35*모델!$C$8*모델!$C$38 -> 24883200 | D55: =모델!$D$35*모델!$D$8*모델!$D$38 -> 3145728 | E55: =모델!$E$35*모델!$E$8*모델!$E$38 -> 5947392 | F55: =모델!$F$35*모델!$F$8*모델!$F$38 -> 0
A56: Router 파라미터/layer | B56: =IF(모델!$B$36>1,모델!$B$8*모델!$B$36,0) -> 0 | C56: =IF(모델!$C$36>1,모델!$C$8*모델!$C$36,0) -> 92160 | D56: =IF(모델!$D$36>1,모델!$D$8*모델!$D$36,0) -> 524288 | E56: =IF(모델!$E$36>1,모델!$E$8*모델!$E$36,0) -> 360448 | F56: =IF(모델!$F$36>1,모델!$F$8*모델!$F$36,0) -> 0
A57: LM head 파라미터 | B57: =모델!$B$9*모델!$B$8 -> 525336576 | C57: =모델!$C$9*모델!$C$8 -> 579133440 | D57: =모델!$D$9*모델!$D$8 -> 508559360 | E57: =모델!$E$9*모델!$E$8 -> 738197504 | F57: =모델!$F$9*모델!$F$8 -> 394002432
A58: 임베딩 파라미터 (별도 저장분) | B58: =IF(모델!$B$10=1,0,모델!$B$9*모델!$B$8) -> 525336576 | C58: =IF(모델!$C$10=1,0,모델!$C$9*모델!$C$8) -> 579133440 | D58: =IF(모델!$D$10=1,0,모델!$D$9*모델!$D$8) -> 508559360 | E58: =IF(모델!$E$10=1,0,모델!$E$9*모델!$E$8) -> 0 | F58: =IF(모델!$F$10=1,0,모델!$F$9*모델!$F$8) -> 0 | G58: 공유(tied)면 0
A59: 총 파라미터 (B) | B59: =(모델!$B$12*모델!$B$50+모델!$B$19*모델!$B$51+모델!$B$26*모델!$B$53+모델!$B$7*(모델!$B$54+모델!$B$36*모델!$B$55+모델!$B$56)+모델!$B$57+모델!$B$58)/1000000000 -> 8.029995 | C59: =(모델!$C$12*모델!$C$50+모델!$C$19*모델!$C$51+모델!$C$26*모델!$C$53+모델!$C$7*(모델!$C$54+모델!$C$36*모델!$C$55+모델!$C$56)+모델!$C$57+모델!$C$58)/1000000000 -> 20.907786 | D59: =(모델!$D$12*모델!$D$50+모델!$D$19*모델!$D$51+모델!$D$26*모델!$D$53+모델!$D$7*(모델!$D$54+모델!$D$36*모델!$D$55+모델!$D$56)+모델!$D$57+모델!$D$58)/1000000000 -> 34.659369 | E59: =(모델!$E$12*모델!$E$50+모델!$E$19*모델!$E$51+모델!$E$26*모델!$E$53+모델!$E$7*(모델!$E$54+모델!$E$36*모델!$E$55+모델!$E$56)+모델!$E$57+모델!$E$58)/1000000000 -> 25.232441 | F59: =(모델!$F$12*모델!$F$50+모델!$F$19*모델!$F$51+모델!$F$26*모델!$F$53+모델!$F$7*(모델!$F$54+모델!$F$36*모델!$F$55+모델!$F$56)+모델!$F$57+모델!$F$58)/1000000000 -> 3.2125747 | G59: 공식: Llama 8B 8.0 / gpt-oss 21 / Qwen3.6 35 / Gemma 4 25.2 / Llama 3B 3.2
A60: 토큰당 활성 파라미터 (B) | B60: =(모델!$B$12*모델!$B$50+모델!$B$19*모델!$B$51+모델!$B$26*모델!$B$53+모델!$B$7*(모델!$B$54+모델!$B$37*모델!$B$55+모델!$B$56)+모델!$B$57)/1000000000 -> 7.5046584 | C60: =(모델!$C$12*모델!$C$50+모델!$C$19*모델!$C$51+모델!$C$26*모델!$C$53+모델!$C$7*(모델!$C$54+모델!$C$37*모델!$C$55+모델!$C$56)+모델!$C$57)/1000000000 -> 3.6071424 | D60: =(모델!$D$12*모델!$D$50+모델!$D$19*모델!$D$51+모델!$D$26*모델!$D$53+모델!$D$7*(모델!$D$54+모델!$D$37*모델!$D$55+모델!$D$56)+모델!$D$57)/1000000000 -> 2.9451878 | E60: =(모델!$E$12*모델!$E$50+모델!$E$19*모델!$E$51+모델!$E$26*모델!$E$53+모델!$E$7*(모델!$E$54+모델!$E$37*모델!$E$55+모델!$E$56)+모델!$E$57)/1000000000 -> 3.8218301 | F60: =(모델!$F$12*모델!$F$50+모델!$F$19*모델!$F$51+모델!$F$26*모델!$F$53+모델!$F$7*(모델!$F$54+모델!$F$37*모델!$F$55+모델!$F$56)+모델!$F$57)/1000000000 -> 3.2125747 | G60: 공식: gpt-oss 3.6 / Qwen3.6 3 / Gemma 4 3.8 (임베딩 제외 기준)
A61: 경량화 후 가중치 저장 크기 (GB) | B61: =(모델!$B$12*모델!$B$50*(설정!$B$27/8+IF(설정!$C$27=0,설정!$D$27/8/MAX(1,모델!$B$8),설정!$D$27/8/설정!$C$27))+모델!$B$19*모델!$B$51*(설정!$B$27/8+IF(설정!$C$27=0,설정!$D$27/8/MAX(1,모델!$B$8),설정!$D$27/8/설정!$C$27))+모델!$B$26*모델!$B$53*(설정!$B$28/8+IF(설정!$C$28=0,설정!$D$28/8/MAX(1,모델!$B$8),설정!$D$28/8/설정!$C$28))+모델!$B$7*((모델!$B$54+모델!$B$36*모델!$B$55)*(설정!$B$29/8+IF(설정!$C$29=0,설정!$D$29/8/MAX(1,모델!$B$8),설정!$D$29/8/설정!$C$29))+모델!$B$56*(설정!$B$30/8+IF(설정!$C$30=0,설정!$D$30/8/MAX(1,모델!$B$8),설정!$D$30/8/설정!$C$30)))+모델!$B$57*(설정!$B$31/8+IF(설정!$C$31=0,설정!$D$31/8/MAX(1,모델!$B$8),설정!$D$31/8/설정!$C$31))+모델!$B$58*(설정!$B$32/8+IF(설정!$C$32=0,설정!$D$32/8/MAX(1,모델!$B$8),설정!$D$32/8/설정!$C$32)))/1000000000 -> 4.1404662 | C61: =(모델!$C$12*모델!$C$50*(설정!$B$27/8+IF(설정!$C$27=0,설정!$D$27/8/MAX(1,모델!$C$8),설정!$D$27/8/설정!$C$27))+모델!$C$19*모델!$C$51*(설정!$B$27/8+IF(설정!$C$27=0,설정!$D$27/8/MAX(1,모델!$C$8),설정!$D$27/8/설정!$C$27))+모델!$C$26*모델!$C$53*(설정!$B$28/8+IF(설정!$C$28=0,설정!$D$28/8/MAX(1,모델!$C$8),설정!$D$28/8/설정!$C$28))+모델!$C$7*((모델!$C$54+모델!$C$36*모델!$C$55)*(설정!$B$29/8+IF(설정!$C$29=0,설정!$D$29/8/MAX(1,모델!$C$8),설정!$D$29/8/설정!$C$29))+모델!$C$56*(설정!$B$30/8+IF(설정!$C$30=0,설정!$D$30/8/MAX(1,모델!$C$8),설정!$D$30/8/설정!$C$30)))+모델!$C$57*(설정!$B$31/8+IF(설정!$C$31=0,설정!$D$31/8/MAX(1,모델!$C$8),설정!$D$31/8/설정!$C$31))+모델!$C$58*(설정!$B$32/8+IF(설정!$C$32=0,설정!$D$32/8/MAX(1,모델!$C$8),설정!$D$32/8/설정!$C$32)))/1000000000 -> 10.781683 | D61: =(모델!$D$12*모델!$D$50*(설정!$B$27/8+IF(설정!$C$27=0,설정!$D$27/8/MAX(1,모델!$D$8),설정!$D$27/8/설정!$C$27))+모델!$D$19*모델!$D$51*(설정!$B$27/8+IF(설정!$C$27=0,설정!$D$27/8/MAX(1,모델!$D$8),설정!$D$27/8/설정!$C$27))+모델!$D$26*모델!$D$53*(설정!$B$28/8+IF(설정!$C$28=0,설정!$D$28/8/MAX(1,모델!$D$8),설정!$D$28/8/설정!$C$28))+모델!$D$7*((모델!$D$54+모델!$D$36*모델!$D$55)*(설정!$B$29/8+IF(설정!$C$29=0,설정!$D$29/8/MAX(1,모델!$D$8),설정!$D$29/8/설정!$C$29))+모델!$D$56*(설정!$B$30/8+IF(설정!$C$30=0,설정!$D$30/8/MAX(1,모델!$D$8),설정!$D$30/8/설정!$C$30)))+모델!$D$57*(설정!$B$31/8+IF(설정!$C$31=0,설정!$D$31/8/MAX(1,모델!$D$8),설정!$D$31/8/설정!$C$31))+모델!$D$58*(설정!$B$32/8+IF(설정!$C$32=0,설정!$D$32/8/MAX(1,모델!$D$8),설정!$D$32/8/설정!$C$32)))/1000000000 -> 17.881723 | E61: =(모델!$E$12*모델!$E$50*(설정!$B$27/8+IF(설정!$C$27=0,설정!$D$27/8/MAX(1,모델!$E$8),설정!$D$27/8/설정!$C$27))+모델!$E$19*모델!$E$51*(설정!$B$27/8+IF(설정!$C$27=0,설정!$D$27/8/MAX(1,모델!$E$8),설정!$D$27/8/설정!$C$27))+모델!$E$26*모델!$E$53*(설정!$B$28/8+IF(설정!$C$28=0,설정!$D$28/8/MAX(1,모델!$E$8),설정!$D$28/8/설정!$C$28))+모델!$E$7*((모델!$E$54+모델!$E$36*모델!$E$55)*(설정!$B$29/8+IF(설정!$C$29=0,설정!$D$29/8/MAX(1,모델!$E$8),설정!$D$29/8/설정!$C$29))+모델!$E$56*(설정!$B$30/8+IF(설정!$C$30=0,설정!$D$30/8/MAX(1,모델!$E$8),설정!$D$30/8/설정!$C$30)))+모델!$E$57*(설정!$B$31/8+IF(설정!$C$31=0,설정!$D$31/8/MAX(1,모델!$E$8),설정!$D$31/8/설정!$C$31))+모델!$E$58*(설정!$B$32/8+IF(설정!$C$32=0,설정!$D$32/8/MAX(1,모델!$E$8),설정!$D$32/8/설정!$C$32)))/1000000000 -> 13.015884 | F61: =(모델!$F$12*모델!$F$50*(설정!$B$27/8+IF(설정!$C$27=0,설정!$D$27/8/MAX(1,모델!$F$8),설정!$D$27/8/설정!$C$27))+모델!$F$19*모델!$F$51*(설정!$B$27/8+IF(설정!$C$27=0,설정!$D$27/8/MAX(1,모델!$F$8),설정!$D$27/8/설정!$C$27))+모델!$F$26*모델!$F$53*(설정!$B$28/8+IF(설정!$C$28=0,설정!$D$28/8/MAX(1,모델!$F$8),설정!$D$28/8/설정!$C$28))+모델!$F$7*((모델!$F$54+모델!$F$36*모델!$F$55)*(설정!$B$29/8+IF(설정!$C$29=0,설정!$D$29/8/MAX(1,모델!$F$8),설정!$D$29/8/설정!$C$29))+모델!$F$56*(설정!$B$30/8+IF(설정!$C$30=0,설정!$D$30/8/MAX(1,모델!$F$8),설정!$D$30/8/설정!$C$30)))+모델!$F$57*(설정!$B$31/8+IF(설정!$C$31=0,설정!$D$31/8/MAX(1,모델!$F$8),설정!$D$31/8/설정!$C$31))+모델!$F$58*(설정!$B$32/8+IF(설정!$C$32=0,설정!$D$32/8/MAX(1,모델!$F$8),설정!$D$32/8/설정!$C$32)))/1000000000 -> 1.6564838 | G61: 구분별 bit 적용
A62: KV cache + GDN state @ 최대 입력 길이 (MB) | B62: =(모델!$B$12*2*모델!$B$14*모델!$B$15*설정!$B$58*설정!$H$54+모델!$B$19*2*모델!$B$22*모델!$B$23*설정!$B$58*MIN(설정!$H$54,모델!$B$20)+모델!$B$26*(모델!$B$29*모델!$B$28*모델!$B$30*설정!$B$59+MAX(0,모델!$B$31-1)*모델!$B$52*설정!$B$57))/1024/1024 -> 512 | C62: =(모델!$C$12*2*모델!$C$14*모델!$C$15*설정!$B$58*설정!$H$54+모델!$C$19*2*모델!$C$22*모델!$C$23*설정!$B$58*MIN(설정!$H$54,모델!$C$20)+모델!$C$26*(모델!$C$29*모델!$C$28*모델!$C$30*설정!$B$59+MAX(0,모델!$C$31-1)*모델!$C$52*설정!$B$57))/1024/1024 -> 97.5 | D62: =(모델!$D$12*2*모델!$D$14*모델!$D$15*설정!$B$58*설정!$H$54+모델!$D$19*2*모델!$D$22*모델!$D$23*설정!$B$58*MIN(설정!$H$54,모델!$D$20)+모델!$D$26*(모델!$D$29*모델!$D$28*모델!$D$30*설정!$B$59+MAX(0,모델!$D$31-1)*모델!$D$52*설정!$B$57))/1024/1024 -> 140.70312 | E62: =(모델!$E$12*2*모델!$E$14*모델!$E$15*설정!$B$58*설정!$H$54+모델!$E$19*2*모델!$E$22*모델!$E$23*설정!$B$58*MIN(설정!$H$54,모델!$E$20)+모델!$E$26*(모델!$E$29*모델!$E$28*모델!$E$30*설정!$B$59+MAX(0,모델!$E$31-1)*모델!$E$52*설정!$B$57))/1024/1024 -> 180 | F62: =(모델!$F$12*2*모델!$F$14*모델!$F$15*설정!$B$58*설정!$H$54+모델!$F$19*2*모델!$F$22*모델!$F$23*설정!$B$58*MIN(설정!$H$54,모델!$F$20)+모델!$F$26*(모델!$F$29*모델!$F$28*모델!$F$30*설정!$B$59+MAX(0,모델!$F$31-1)*모델!$F$52*설정!$B$57))/1024/1024 -> 448 | G62: sliding은 window까지만, GDN state는 길이와 무관하게 고정
A63: GDN state 크기/layer (MB) | B63: =모델!$B$29*모델!$B$28*모델!$B$30*설정!$B$59/1024/1024 -> 0 | C63: =모델!$C$29*모델!$C$28*모델!$C$30*설정!$B$59/1024/1024 -> 0 | D63: =모델!$D$29*모델!$D$28*모델!$D$30*설정!$B$59/1024/1024 -> 2 | E63: =모델!$E$29*모델!$E$28*모델!$E$30*설정!$B$59/1024/1024 -> 0 | F63: =모델!$F$29*모델!$F$28*모델!$F$30*설정!$B$59/1024/1024 -> 0 | G63: 디코드 시 토큰마다 읽고 다시 씀

Sheet Expert 실측
A1: MoE 프리필 expert 사용 수 — 실측값 입력
A2: moe_routing_stats.py 결과의 excel_paste_<모델>.csv 중 measured_used_layer_avg 열을 해당 모델 칸에 붙여 넣으세요. '설정' 시트의 '프리필 expert 사용 수 기준'을 '실측'으로 바꾸면 적용됩니다. 빈 칸은 균등 공식으로 계산합니다.
A3: 현재 기준 | B3: =설정!$B$47 -> 균등
A5: ① 실측 사용 expert 수 (layer 평균, 도메인별 p95 중 최댓값) — 직접 입력
A6: 입력 길이 | B6: =모델!B6 -> Llama 3.1 8B Instruct | C6: =모델!C6 -> gpt-oss-20b | D6: =모델!D6 -> Qwen3.6-35B-A3B | E6: =모델!E6 -> Gemma 4 26B-A4B | F6: =모델!F6 -> Llama 3.2 3B Instruct
A7: =설정!$B$54 -> 128
A8: =설정!$C$54 -> 256
A9: =설정!$D$54 -> 512
A10: =설정!$E$54 -> 1024
A11: =설정!$F$54 -> 2048
A12: =설정!$G$54 -> 4096
A13: =설정!$H$54 -> 8192
A15: ② 균등 가정 사용 expert 수 (참고, 자동 계산)
A16: 입력 길이 | B16: =모델!B6 -> Llama 3.1 8B Instruct | C16: =모델!C6 -> gpt-oss-20b | D16: =모델!D6 -> Qwen3.6-35B-A3B | E16: =모델!E6 -> Gemma 4 26B-A4B | F16: =모델!F6 -> Llama 3.2 3B Instruct
A17: =설정!$B$54 -> 128 | B17: =IF(모델!$B$36>1,모델!$B$36*(1-EXP(MAX(-700,설정!$B$54*LN(1-MIN(모델!$B$37/모델!$B$36,0.999999))))),0) -> 0 | C17: =IF(모델!$C$36>1,모델!$C$36*(1-EXP(MAX(-700,설정!$B$54*LN(1-MIN(모델!$C$37/모델!$C$36,0.999999))))),0) -> 31.999999 | D17: =IF(모델!$D$36>1,모델!$D$36*(1-EXP(MAX(-700,설정!$B$54*LN(1-MIN(모델!$D$37/모델!$D$36,0.999999))))),0) -> 251.60115 | E17: =IF(모델!$E$36>1,모델!$E$36*(1-EXP(MAX(-700,설정!$B$54*LN(1-MIN(모델!$E$37/모델!$E$36,0.999999))))),0) -> 127.96692 | F17: =IF(모델!$F$36>1,모델!$F$36*(1-EXP(MAX(-700,설정!$B$54*LN(1-MIN(모델!$F$37/모델!$F$36,0.999999))))),0) -> 0
A18: =설정!$C$54 -> 256 | B18: =IF(모델!$B$36>1,모델!$B$36*(1-EXP(MAX(-700,설정!$C$54*LN(1-MIN(모델!$B$37/모델!$B$36,0.999999))))),0) -> 0 | C18: =IF(모델!$C$36>1,모델!$C$36*(1-EXP(MAX(-700,설정!$C$54*LN(1-MIN(모델!$C$37/모델!$C$36,0.999999))))),0) -> 32 | D18: =IF(모델!$D$36>1,모델!$D$36*(1-EXP(MAX(-700,설정!$C$54*LN(1-MIN(모델!$D$37/모델!$D$36,0.999999))))),0) -> 255.92441 | E18: =IF(모델!$E$36>1,모델!$E$36*(1-EXP(MAX(-700,설정!$C$54*LN(1-MIN(모델!$E$37/모델!$E$36,0.999999))))),0) -> 127.99999 | F18: =IF(모델!$F$36>1,모델!$F$36*(1-EXP(MAX(-700,설정!$C$54*LN(1-MIN(모델!$F$37/모델!$F$36,0.999999))))),0) -> 0
A19: =설정!$D$54 -> 512 | B19: =IF(모델!$B$36>1,모델!$B$36*(1-EXP(MAX(-700,설정!$D$54*LN(1-MIN(모델!$B$37/모델!$B$36,0.999999))))),0) -> 0 | C19: =IF(모델!$C$36>1,모델!$C$36*(1-EXP(MAX(-700,설정!$D$54*LN(1-MIN(모델!$C$37/모델!$C$36,0.999999))))),0) -> 32 | D19: =IF(모델!$D$36>1,모델!$D$36*(1-EXP(MAX(-700,설정!$D$54*LN(1-MIN(모델!$D$37/모델!$D$36,0.999999))))),0) -> 255.99998 | E19: =IF(모델!$E$36>1,모델!$E$36*(1-EXP(MAX(-700,설정!$D$54*LN(1-MIN(모델!$E$37/모델!$E$36,0.999999))))),0) -> 128 | F19: =IF(모델!$F$36>1,모델!$F$36*(1-EXP(MAX(-700,설정!$D$54*LN(1-MIN(모델!$F$37/모델!$F$36,0.999999))))),0) -> 0
A20: =설정!$E$54 -> 1024 | B20: =IF(모델!$B$36>1,모델!$B$36*(1-EXP(MAX(-700,설정!$E$54*LN(1-MIN(모델!$B$37/모델!$B$36,0.999999))))),0) -> 0 | C20: =IF(모델!$C$36>1,모델!$C$36*(1-EXP(MAX(-700,설정!$E$54*LN(1-MIN(모델!$C$37/모델!$C$36,0.999999))))),0) -> 32 | D20: =IF(모델!$D$36>1,모델!$D$36*(1-EXP(MAX(-700,설정!$E$54*LN(1-MIN(모델!$D$37/모델!$D$36,0.999999))))),0) -> 256 | E20: =IF(모델!$E$36>1,모델!$E$36*(1-EXP(MAX(-700,설정!$E$54*LN(1-MIN(모델!$E$37/모델!$E$36,0.999999))))),0) -> 128 | F20: =IF(모델!$F$36>1,모델!$F$36*(1-EXP(MAX(-700,설정!$E$54*LN(1-MIN(모델!$F$37/모델!$F$36,0.999999))))),0) -> 0
A21: =설정!$F$54 -> 2048 | B21: =IF(모델!$B$36>1,모델!$B$36*(1-EXP(MAX(-700,설정!$F$54*LN(1-MIN(모델!$B$37/모델!$B$36,0.999999))))),0) -> 0 | C21: =IF(모델!$C$36>1,모델!$C$36*(1-EXP(MAX(-700,설정!$F$54*LN(1-MIN(모델!$C$37/모델!$C$36,0.999999))))),0) -> 32 | D21: =IF(모델!$D$36>1,모델!$D$36*(1-EXP(MAX(-700,설정!$F$54*LN(1-MIN(모델!$D$37/모델!$D$36,0.999999))))),0) -> 256 | E21: =IF(모델!$E$36>1,모델!$E$36*(1-EXP(MAX(-700,설정!$F$54*LN(1-MIN(모델!$E$37/모델!$E$36,0.999999))))),0) -> 128 | F21: =IF(모델!$F$36>1,모델!$F$36*(1-EXP(MAX(-700,설정!$F$54*LN(1-MIN(모델!$F$37/모델!$F$36,0.999999))))),0) -> 0
A22: =설정!$G$54 -> 4096 | B22: =IF(모델!$B$36>1,모델!$B$36*(1-EXP(MAX(-700,설정!$G$54*LN(1-MIN(모델!$B$37/모델!$B$36,0.999999))))),0) -> 0 | C22: =IF(모델!$C$36>1,모델!$C$36*(1-EXP(MAX(-700,설정!$G$54*LN(1-MIN(모델!$C$37/모델!$C$36,0.999999))))),0) -> 32 | D22: =IF(모델!$D$36>1,모델!$D$36*(1-EXP(MAX(-700,설정!$G$54*LN(1-MIN(모델!$D$37/모델!$D$36,0.999999))))),0) -> 256 | E22: =IF(모델!$E$36>1,모델!$E$36*(1-EXP(MAX(-700,설정!$G$54*LN(1-MIN(모델!$E$37/모델!$E$36,0.999999))))),0) -> 128 | F22: =IF(모델!$F$36>1,모델!$F$36*(1-EXP(MAX(-700,설정!$G$54*LN(1-MIN(모델!$F$37/모델!$F$36,0.999999))))),0) -> 0
A23: =설정!$H$54 -> 8192 | B23: =IF(모델!$B$36>1,모델!$B$36*(1-EXP(MAX(-700,설정!$H$54*LN(1-MIN(모델!$B$37/모델!$B$36,0.999999))))),0) -> 0 | C23: =IF(모델!$C$36>1,모델!$C$36*(1-EXP(MAX(-700,설정!$H$54*LN(1-MIN(모델!$C$37/모델!$C$36,0.999999))))),0) -> 32 | D23: =IF(모델!$D$36>1,모델!$D$36*(1-EXP(MAX(-700,설정!$H$54*LN(1-MIN(모델!$D$37/모델!$D$36,0.999999))))),0) -> 256 | E23: =IF(모델!$E$36>1,모델!$E$36*(1-EXP(MAX(-700,설정!$H$54*LN(1-MIN(모델!$E$37/모델!$E$36,0.999999))))),0) -> 128 | F23: =IF(모델!$F$36>1,모델!$F$36*(1-EXP(MAX(-700,설정!$H$54*LN(1-MIN(모델!$F$37/모델!$F$36,0.999999))))),0) -> 0
A25: ③ 실제 계산에 적용되는 사용 비율 (자동 계산)
A26: 입력 길이 | B26: =모델!B6 -> Llama 3.1 8B Instruct | C26: =모델!C6 -> gpt-oss-20b | D26: =모델!D6 -> Qwen3.6-35B-A3B | E26: =모델!E6 -> Gemma 4 26B-A4B | F26: =모델!F6 -> Llama 3.2 3B Instruct
A27: =설정!$B$54 -> 128 | B27: =IF(모델!$B$36>1,IF(AND(설정!$B$47="실측",ISNUMBER('Expert 실측'!$B$7)),MIN(모델!$B$36,'Expert 실측'!$B$7),'Expert 실측'!$B$17)/모델!$B$36,"-") -> - | C27: =IF(모델!$C$36>1,IF(AND(설정!$B$47="실측",ISNUMBER('Expert 실측'!$C$7)),MIN(모델!$C$36,'Expert 실측'!$C$7),'Expert 실측'!$C$17)/모델!$C$36,"-") -> 0.99999996 | D27: =IF(모델!$D$36>1,IF(AND(설정!$B$47="실측",ISNUMBER('Expert 실측'!$D$7)),MIN(모델!$D$36,'Expert 실측'!$D$7),'Expert 실측'!$D$17)/모델!$D$36,"-") -> 0.98281698 | E27: =IF(모델!$E$36>1,IF(AND(설정!$B$47="실측",ISNUMBER('Expert 실측'!$E$7)),MIN(모델!$E$36,'Expert 실측'!$E$7),'Expert 실측'!$E$17)/모델!$E$36,"-") -> 0.99974158 | F27: =IF(모델!$F$36>1,IF(AND(설정!$B$47="실측",ISNUMBER('Expert 실측'!$F$7)),MIN(모델!$F$36,'Expert 실측'!$F$7),'Expert 실측'!$F$17)/모델!$F$36,"-") -> -
A28: =설정!$C$54 -> 256 | B28: =IF(모델!$B$36>1,IF(AND(설정!$B$47="실측",ISNUMBER('Expert 실측'!$B$8)),MIN(모델!$B$36,'Expert 실측'!$B$8),'Expert 실측'!$B$18)/모델!$B$36,"-") -> - | C28: =IF(모델!$C$36>1,IF(AND(설정!$B$47="실측",ISNUMBER('Expert 실측'!$C$8)),MIN(모델!$C$36,'Expert 실측'!$C$8),'Expert 실측'!$C$18)/모델!$C$36,"-") -> 1 | D28: =IF(모델!$D$36>1,IF(AND(설정!$B$47="실측",ISNUMBER('Expert 실측'!$D$8)),MIN(모델!$D$36,'Expert 실측'!$D$8),'Expert 실측'!$D$18)/모델!$D$36,"-") -> 0.99970474 | E28: =IF(모델!$E$36>1,IF(AND(설정!$B$47="실측",ISNUMBER('Expert 실측'!$E$8)),MIN(모델!$E$36,'Expert 실측'!$E$8),'Expert 실측'!$E$18)/모델!$E$36,"-") -> 0.99999993 | F28: =IF(모델!$F$36>1,IF(AND(설정!$B$47="실측",ISNUMBER('Expert 실측'!$F$8)),MIN(모델!$F$36,'Expert 실측'!$F$8),'Expert 실측'!$F$18)/모델!$F$36,"-") -> -
A29: =설정!$D$54 -> 512 | B29: =IF(모델!$B$36>1,IF(AND(설정!$B$47="실측",ISNUMBER('Expert 실측'!$B$9)),MIN(모델!$B$36,'Expert 실측'!$B$9),'Expert 실측'!$B$19)/모델!$B$36,"-") -> - | C29: =IF(모델!$C$36>1,IF(AND(설정!$B$47="실측",ISNUMBER('Expert 실측'!$C$9)),MIN(모델!$C$36,'Expert 실측'!$C$9),'Expert 실측'!$C$19)/모델!$C$36,"-") -> 1 | D29: =IF(모델!$D$36>1,IF(AND(설정!$B$47="실측",ISNUMBER('Expert 실측'!$D$9)),MIN(모델!$D$36,'Expert 실측'!$D$9),'Expert 실측'!$D$19)/모델!$D$36,"-") -> 0.99999991 | E29: =IF(모델!$E$36>1,IF(AND(설정!$B$47="실측",ISNUMBER('Expert 실측'!$E$9)),MIN(모델!$E$36,'Expert 실측'!$E$9),'Expert 실측'!$E$19)/모델!$E$36,"-") -> 1 | F29: =IF(모델!$F$36>1,IF(AND(설정!$B$47="실측",ISNUMBER('Expert 실측'!$F$9)),MIN(모델!$F$36,'Expert 실측'!$F$9),'Expert 실측'!$F$19)/모델!$F$36,"-") -> -
A30: =설정!$E$54 -> 1024 | B30: =IF(모델!$B$36>1,IF(AND(설정!$B$47="실측",ISNUMBER('Expert 실측'!$B$10)),MIN(모델!$B$36,'Expert 실측'!$B$10),'Expert 실측'!$B$20)/모델!$B$36,"-") -> - | C30: =IF(모델!$C$36>1,IF(AND(설정!$B$47="실측",ISNUMBER('Expert 실측'!$C$10)),MIN(모델!$C$36,'Expert 실측'!$C$10),'Expert 실측'!$C$20)/모델!$C$36,"-") -> 1 | D30: =IF(모델!$D$36>1,IF(AND(설정!$B$47="실측",ISNUMBER('Expert 실측'!$D$10)),MIN(모델!$D$36,'Expert 실측'!$D$10),'Expert 실측'!$D$20)/모델!$D$36,"-") -> 1 | E30: =IF(모델!$E$36>1,IF(AND(설정!$B$47="실측",ISNUMBER('Expert 실측'!$E$10)),MIN(모델!$E$36,'Expert 실측'!$E$10),'Expert 실측'!$E$20)/모델!$E$36,"-") -> 1 | F30: =IF(모델!$F$36>1,IF(AND(설정!$B$47="실측",ISNUMBER('Expert 실측'!$F$10)),MIN(모델!$F$36,'Expert 실측'!$F$10),'Expert 실측'!$F$20)/모델!$F$36,"-") -> -
A31: =설정!$F$54 -> 2048 | B31: =IF(모델!$B$36>1,IF(AND(설정!$B$47="실측",ISNUMBER('Expert 실측'!$B$11)),MIN(모델!$B$36,'Expert 실측'!$B$11),'Expert 실측'!$B$21)/모델!$B$36,"-") -> - | C31: =IF(모델!$C$36>1,IF(AND(설정!$B$47="실측",ISNUMBER('Expert 실측'!$C$11)),MIN(모델!$C$36,'Expert 실측'!$C$11),'Expert 실측'!$C$21)/모델!$C$36,"-") -> 1 | D31: =IF(모델!$D$36>1,IF(AND(설정!$B$47="실측",ISNUMBER('Expert 실측'!$D$11)),MIN(모델!$D$36,'Expert 실측'!$D$11),'Expert 실측'!$D$21)/모델!$D$36,"-") -> 1 | E31: =IF(모델!$E$36>1,IF(AND(설정!$B$47="실측",ISNUMBER('Expert 실측'!$E$11)),MIN(모델!$E$36,'Expert 실측'!$E$11),'Expert 실측'!$E$21)/모델!$E$36,"-") -> 1 | F31: =IF(모델!$F$36>1,IF(AND(설정!$B$47="실측",ISNUMBER('Expert 실측'!$F$11)),MIN(모델!$F$36,'Expert 실측'!$F$11),'Expert 실측'!$F$21)/모델!$F$36,"-") -> -
A32: =설정!$G$54 -> 4096 | B32: =IF(모델!$B$36>1,IF(AND(설정!$B$47="실측",ISNUMBER('Expert 실측'!$B$12)),MIN(모델!$B$36,'Expert 실측'!$B$12),'Expert 실측'!$B$22)/모델!$B$36,"-") -> - | C32: =IF(모델!$C$36>1,IF(AND(설정!$B$47="실측",ISNUMBER('Expert 실측'!$C$12)),MIN(모델!$C$36,'Expert 실측'!$C$12),'Expert 실측'!$C$22)/모델!$C$36,"-") -> 1 | D32: =IF(모델!$D$36>1,IF(AND(설정!$B$47="실측",ISNUMBER('Expert 실측'!$D$12)),MIN(모델!$D$36,'Expert 실측'!$D$12),'Expert 실측'!$D$22)/모델!$D$36,"-") -> 1 | E32: =IF(모델!$E$36>1,IF(AND(설정!$B$47="실측",ISNUMBER('Expert 실측'!$E$12)),MIN(모델!$E$36,'Expert 실측'!$E$12),'Expert 실측'!$E$22)/모델!$E$36,"-") -> 1 | F32: =IF(모델!$F$36>1,IF(AND(설정!$B$47="실측",ISNUMBER('Expert 실측'!$F$12)),MIN(모델!$F$36,'Expert 실측'!$F$12),'Expert 실측'!$F$22)/모델!$F$36,"-") -> -
A33: =설정!$H$54 -> 8192 | B33: =IF(모델!$B$36>1,IF(AND(설정!$B$47="실측",ISNUMBER('Expert 실측'!$B$13)),MIN(모델!$B$36,'Expert 실측'!$B$13),'Expert 실측'!$B$23)/모델!$B$36,"-") -> - | C33: =IF(모델!$C$36>1,IF(AND(설정!$B$47="실측",ISNUMBER('Expert 실측'!$C$13)),MIN(모델!$C$36,'Expert 실측'!$C$13),'Expert 실측'!$C$23)/모델!$C$36,"-") -> 1 | D33: =IF(모델!$D$36>1,IF(AND(설정!$B$47="실측",ISNUMBER('Expert 실측'!$D$13)),MIN(모델!$D$36,'Expert 실측'!$D$13),'Expert 실측'!$D$23)/모델!$D$36,"-") -> 1 | E33: =IF(모델!$E$36>1,IF(AND(설정!$B$47="실측",ISNUMBER('Expert 실측'!$E$13)),MIN(모델!$E$36,'Expert 실측'!$E$13),'Expert 실측'!$E$23)/모델!$E$36,"-") -> 1 | F33: =IF(모델!$F$36>1,IF(AND(설정!$B$47="실측",ISNUMBER('Expert 실측'!$F$13)),MIN(모델!$F$36,'Expert 실측'!$F$13),'Expert 실측'!$F$23)/모델!$F$36,"-") -> -
A34: Dense 모델(Expert 수 0)은 입력해도 무시됩니다. 실측값은 layer별 사용 수의 평균이며, 가중치 읽기량은 layer별 사용 수의 합에 비례하므로 평균으로 넣어도 총량은 정확합니다.

Sheet 계산_모델1
A1: =모델!B6&" — 계산 상세" -> Llama 3.1 8B Instruct — 계산 상세
A2: 모든 셀 자동 계산. 행렬마다 roofline(연산 시간과 DRAM 시간 중 큰 값)을 적용해 합산합니다. 개수가 0인 행렬은 해당 블록이 없는 모델입니다.
A4: 행렬 | B4: K (입력) | C4: N (출력) | D4: 개수 | E4: 종류 | F4: 경량화 구분 | G4: Weight bit | H4: B/param | I4: 실효 ops/s
A5: full.q_proj | B5: =모델!$B$8 -> 4096 | C5: =모델!$B$13*모델!$B$15*모델!$B$16 -> 4096 | D5: =모델!$B$12 -> 32 | E5: dense | F5: Attention | G5: =설정!$B$27 -> 4 | H5: =(설정!$B$27/8+IF(설정!$C$27=0,설정!$D$27/8/MAX(1,$B$5),설정!$D$27/8/설정!$C$27)) -> 0.515625 | I5: =설정!$B$63 -> 24000000000000
A6: full.k_proj | B6: =모델!$B$8 -> 4096 | C6: =모델!$B$14*모델!$B$15 -> 1024 | D6: =모델!$B$12 -> 32 | E6: dense | F6: Attention | G6: =설정!$B$27 -> 4 | H6: =(설정!$B$27/8+IF(설정!$C$27=0,설정!$D$27/8/MAX(1,$B$6),설정!$D$27/8/설정!$C$27)) -> 0.515625 | I6: =설정!$B$63 -> 24000000000000
A7: full.v_proj | B7: =모델!$B$8 -> 4096 | C7: =모델!$B$14*모델!$B$15 -> 1024 | D7: =모델!$B$12*모델!$B$17 -> 32 | E7: dense | F7: Attention | G7: =설정!$B$27 -> 4 | H7: =(설정!$B$27/8+IF(설정!$C$27=0,설정!$D$27/8/MAX(1,$B$7),설정!$D$27/8/설정!$C$27)) -> 0.515625 | I7: =설정!$B$63 -> 24000000000000
A8: full.o_proj | B8: =모델!$B$13*모델!$B$15 -> 4096 | C8: =모델!$B$8 -> 4096 | D8: =모델!$B$12 -> 32 | E8: dense | F8: Attention | G8: =설정!$B$27 -> 4 | H8: =(설정!$B$27/8+IF(설정!$C$27=0,설정!$D$27/8/MAX(1,$B$8),설정!$D$27/8/설정!$C$27)) -> 0.515625 | I8: =설정!$B$63 -> 24000000000000
A9: swa.q_proj | B9: =모델!$B$8 -> 4096 | C9: =모델!$B$21*모델!$B$23 -> 0 | D9: =모델!$B$19 -> 0 | E9: dense | F9: Attention | G9: =설정!$B$27 -> 4 | H9: =(설정!$B$27/8+IF(설정!$C$27=0,설정!$D$27/8/MAX(1,$B$9),설정!$D$27/8/설정!$C$27)) -> 0.515625 | I9: =설정!$B$63 -> 24000000000000
A10: swa.k_proj | B10: =모델!$B$8 -> 4096 | C10: =모델!$B$22*모델!$B$23 -> 0 | D10: =모델!$B$19 -> 0 | E10: dense | F10: Attention | G10: =설정!$B$27 -> 4 | H10: =(설정!$B$27/8+IF(설정!$C$27=0,설정!$D$27/8/MAX(1,$B$10),설정!$D$27/8/설정!$C$27)) -> 0.515625 | I10: =설정!$B$63 -> 24000000000000
A11: swa.v_proj | B11: =모델!$B$8 -> 4096 | C11: =모델!$B$22*모델!$B$23 -> 0 | D11: =모델!$B$19*모델!$B$24 -> 0 | E11: dense | F11: Attention | G11: =설정!$B$27 -> 4 | H11: =(설정!$B$27/8+IF(설정!$C$27=0,설정!$D$27/8/MAX(1,$B$11),설정!$D$27/8/설정!$C$27)) -> 0.515625 | I11: =설정!$B$63 -> 24000000000000
A12: swa.o_proj | B12: =모델!$B$21*모델!$B$23 -> 0 | C12: =모델!$B$8 -> 4096 | D12: =모델!$B$19 -> 0 | E12: dense | F12: Attention | G12: =설정!$B$27 -> 4 | H12: =(설정!$B$27/8+IF(설정!$C$27=0,설정!$D$27/8/MAX(1,$B$12),설정!$D$27/8/설정!$C$27)) -> 0.515625 | I12: =설정!$B$63 -> 24000000000000
A13: gdn.in_proj_qkv | B13: =모델!$B$8 -> 4096 | C13: =모델!$B$52 -> 0 | D13: =모델!$B$26 -> 0 | E13: dense | F13: Linear attn (GDN) | G13: =설정!$B$28 -> 4 | H13: =(설정!$B$28/8+IF(설정!$C$28=0,설정!$D$28/8/MAX(1,$B$13),설정!$D$28/8/설정!$C$28)) -> 0.515625 | I13: =설정!$B$64 -> 24000000000000
A14: gdn.in_proj_z | B14: =모델!$B$8 -> 4096 | C14: =모델!$B$29*모델!$B$30 -> 0 | D14: =모델!$B$26 -> 0 | E14: dense | F14: Linear attn (GDN) | G14: =설정!$B$28 -> 4 | H14: =(설정!$B$28/8+IF(설정!$C$28=0,설정!$D$28/8/MAX(1,$B$14),설정!$D$28/8/설정!$C$28)) -> 0.515625 | I14: =설정!$B$64 -> 24000000000000
A15: gdn.in_proj_ab | B15: =모델!$B$8 -> 4096 | C15: =2*모델!$B$29 -> 0 | D15: =모델!$B$26 -> 0 | E15: dense | F15: Linear attn (GDN) | G15: =설정!$B$28 -> 4 | H15: =(설정!$B$28/8+IF(설정!$C$28=0,설정!$D$28/8/MAX(1,$B$15),설정!$D$28/8/설정!$C$28)) -> 0.515625 | I15: =설정!$B$64 -> 24000000000000
A16: gdn.out_proj | B16: =모델!$B$29*모델!$B$30 -> 0 | C16: =모델!$B$8 -> 4096 | D16: =모델!$B$26 -> 0 | E16: dense | F16: Linear attn (GDN) | G16: =설정!$B$28 -> 4 | H16: =(설정!$B$28/8+IF(설정!$C$28=0,설정!$D$28/8/MAX(1,$B$16),설정!$D$28/8/설정!$C$28)) -> 0.515625 | I16: =설정!$B$64 -> 24000000000000
A17: router | B17: =모델!$B$8 -> 4096 | C17: =모델!$B$36 -> 0 | D17: =IF(모델!$B$36>1,모델!$B$7,0) -> 0 | E17: dense | F17: Router (MoE) | G17: =설정!$B$30 -> 8 | H17: =(설정!$B$30/8+IF(설정!$C$30=0,설정!$D$30/8/MAX(1,$B$17),설정!$D$30/8/설정!$C$30)) -> 1.015625 | I17: =설정!$B$66 -> 24000000000000
A18: ffn.gate_proj | B18: =모델!$B$8 -> 4096 | C18: =모델!$B$34 -> 14336 | D18: =IF(AND(모델!$B$34>0,모델!$B$35>=3),모델!$B$7,0) -> 32 | E18: dense | F18: FFN / Expert | G18: =설정!$B$29 -> 4 | H18: =(설정!$B$29/8+IF(설정!$C$29=0,설정!$D$29/8/MAX(1,$B$18),설정!$D$29/8/설정!$C$29)) -> 0.515625 | I18: =설정!$B$65 -> 24000000000000
A19: ffn.up_proj | B19: =모델!$B$8 -> 4096 | C19: =모델!$B$34 -> 14336 | D19: =IF(모델!$B$34>0,모델!$B$7,0) -> 32 | E19: dense | F19: FFN / Expert | G19: =설정!$B$29 -> 4 | H19: =(설정!$B$29/8+IF(설정!$C$29=0,설정!$D$29/8/MAX(1,$B$19),설정!$D$29/8/설정!$C$29)) -> 0.515625 | I19: =설정!$B$65 -> 24000000000000
A20: ffn.down_proj | B20: =모델!$B$34 -> 14336 | C20: =모델!$B$8 -> 4096 | D20: =IF(모델!$B$34>0,모델!$B$7,0) -> 32 | E20: dense | F20: FFN / Expert | G20: =설정!$B$29 -> 4 | H20: =(설정!$B$29/8+IF(설정!$C$29=0,설정!$D$29/8/MAX(1,$B$20),설정!$D$29/8/설정!$C$29)) -> 0.515625 | I20: =설정!$B$65 -> 24000000000000
A21: expert.gate_proj | B21: =모델!$B$8 -> 4096 | C21: =모델!$B$38 -> 0 | D21: =IF(AND(모델!$B$36>1,모델!$B$35>=3),모델!$B$7,0) -> 0 | E21: expert | F21: FFN / Expert | G21: =설정!$B$29 -> 4 | H21: =(설정!$B$29/8+IF(설정!$C$29=0,설정!$D$29/8/MAX(1,$B$21),설정!$D$29/8/설정!$C$29)) -> 0.515625 | I21: =설정!$B$65 -> 24000000000000
A22: expert.up_proj | B22: =모델!$B$8 -> 4096 | C22: =모델!$B$38 -> 0 | D22: =IF(모델!$B$36>1,모델!$B$7,0) -> 0 | E22: expert | F22: FFN / Expert | G22: =설정!$B$29 -> 4 | H22: =(설정!$B$29/8+IF(설정!$C$29=0,설정!$D$29/8/MAX(1,$B$22),설정!$D$29/8/설정!$C$29)) -> 0.515625 | I22: =설정!$B$65 -> 24000000000000
A23: expert.down_proj | B23: =모델!$B$38 -> 0 | C23: =모델!$B$8 -> 4096 | D23: =IF(모델!$B$36>1,모델!$B$7,0) -> 0 | E23: expert | F23: FFN / Expert | G23: =설정!$B$29 -> 4 | H23: =(설정!$B$29/8+IF(설정!$C$29=0,설정!$D$29/8/MAX(1,$B$23),설정!$D$29/8/설정!$C$29)) -> 0.515625 | I23: =설정!$B$65 -> 24000000000000
A24: lm_head | B24: =모델!$B$8 -> 4096 | C24: =모델!$B$9 -> 128256 | D24: =1 -> 1 | E24: head | F24: LM head | G24: =설정!$B$31 -> 4 | H24: =(설정!$B$31/8+IF(설정!$C$31=0,설정!$D$31/8/MAX(1,$B$24),설정!$D$31/8/설정!$C$31)) -> 0.515625 | I24: =설정!$B$67 -> 24000000000000
A25: expert 종류는 MoE에서 expert 수만큼 존재하며, 선택된 expert만 읽고 계산합니다.
A27: ① 프리필 (TTFT)
A28: 입력 길이 N | B28: =설정!$B$54 -> 128 | C28: =설정!$C$54 -> 256 | D28: =설정!$D$54 -> 512 | E28: =설정!$E$54 -> 1024 | F28: =설정!$F$54 -> 2048 | G28: =설정!$G$54 -> 4096 | H28: =설정!$H$54 -> 8192
A29: 사용되는 expert 수 (layer당 기대값) | B29: =IF(모델!$B$36>1,IF(AND(설정!$B$47="실측",ISNUMBER('Expert 실측'!$B$7)),MIN(모델!$B$36,MAX(1,'Expert 실측'!$B$7)),모델!$B$36*(1-EXP(MAX(-700,B28*LN(1-MIN(모델!$B$37/모델!$B$36,0.999999)))))),1) -> 1 | C29: =IF(모델!$B$36>1,IF(AND(설정!$B$47="실측",ISNUMBER('Expert 실측'!$B$8)),MIN(모델!$B$36,MAX(1,'Expert 실측'!$B$8)),모델!$B$36*(1-EXP(MAX(-700,C28*LN(1-MIN(모델!$B$37/모델!$B$36,0.999999)))))),1) -> 1 | D29: =IF(모델!$B$36>1,IF(AND(설정!$B$47="실측",ISNUMBER('Expert 실측'!$B$9)),MIN(모델!$B$36,MAX(1,'Expert 실측'!$B$9)),모델!$B$36*(1-EXP(MAX(-700,D28*LN(1-MIN(모델!$B$37/모델!$B$36,0.999999)))))),1) -> 1 | E29: =IF(모델!$B$36>1,IF(AND(설정!$B$47="실측",ISNUMBER('Expert 실측'!$B$10)),MIN(모델!$B$36,MAX(1,'Expert 실측'!$B$10)),모델!$B$36*(1-EXP(MAX(-700,E28*LN(1-MIN(모델!$B$37/모델!$B$36,0.999999)))))),1) -> 1 | F29: =IF(모델!$B$36>1,IF(AND(설정!$B$47="실측",ISNUMBER('Expert 실측'!$B$11)),MIN(모델!$B$36,MAX(1,'Expert 실측'!$B$11)),모델!$B$36*(1-EXP(MAX(-700,F28*LN(1-MIN(모델!$B$37/모델!$B$36,0.999999)))))),1) -> 1 | G29: =IF(모델!$B$36>1,IF(AND(설정!$B$47="실측",ISNUMBER('Expert 실측'!$B$12)),MIN(모델!$B$36,MAX(1,'Expert 실측'!$B$12)),모델!$B$36*(1-EXP(MAX(-700,G28*LN(1-MIN(모델!$B$37/모델!$B$36,0.999999)))))),1) -> 1 | H29: =IF(모델!$B$36>1,IF(AND(설정!$B$47="실측",ISNUMBER('Expert 실측'!$B$13)),MIN(모델!$B$36,MAX(1,'Expert 실측'!$B$13)),모델!$B$36*(1-EXP(MAX(-700,H28*LN(1-MIN(모델!$B$37/모델!$B$36,0.999999)))))),1) -> 1
A30: expert 사용 비율 (균등 시 1−(1−k/E)^N) | B30: =IF(모델!$B$36>1,B29/모델!$B$36,1) -> 1 | C30: =IF(모델!$B$36>1,C29/모델!$B$36,1) -> 1 | D30: =IF(모델!$B$36>1,D29/모델!$B$36,1) -> 1 | E30: =IF(모델!$B$36>1,E29/모델!$B$36,1) -> 1 | F30: =IF(모델!$B$36>1,F29/모델!$B$36,1) -> 1 | G30: =IF(모델!$B$36>1,G29/모델!$B$36,1) -> 1 | H30: =IF(모델!$B$36>1,H29/모델!$B$36,1) -> 1 | I30: 균등: 토큰 하나가 특정 expert를 안 고를 확률 (1−k/E)의 N제곱. 실측 모드면 Expert 실측 시트 값
A31: expert당 토큰 수 (평균) | B31: =IF(모델!$B$36>1,B28*모델!$B$37/B29,B28) -> 128 | C31: =IF(모델!$B$36>1,C28*모델!$B$37/C29,C28) -> 256 | D31: =IF(모델!$B$36>1,D28*모델!$B$37/D29,D28) -> 512 | E31: =IF(모델!$B$36>1,E28*모델!$B$37/E29,E28) -> 1024 | F31: =IF(모델!$B$36>1,F28*모델!$B$37/F29,F28) -> 2048 | G31: =IF(모델!$B$36>1,G28*모델!$B$37/G29,G28) -> 4096 | H31: =IF(모델!$B$36>1,H28*모델!$B$37/H29,H28) -> 8192
A32: full.q_proj 연산량 (ops) | B32: =($D$5)*2*(B$28)*$B$5*$C$5 -> 137438953472 | C32: =($D$5)*2*(C$28)*$B$5*$C$5 -> 274877906944 | D32: =($D$5)*2*(D$28)*$B$5*$C$5 -> 549755813888 | E32: =($D$5)*2*(E$28)*$B$5*$C$5 -> 1099511627776 | F32: =($D$5)*2*(F$28)*$B$5*$C$5 -> 2199023255552 | G32: =($D$5)*2*(G$28)*$B$5*$C$5 -> 4398046511104 | H32: =($D$5)*2*(H$28)*$B$5*$C$5 -> 8796093022208
A33: full.q_proj DRAM 트래픽 (B) | B33: =($D$5)*MIN(($B$5*$C$5*$H$5)*MAX(1,ROUNDUP(((B$28)*$B$5*설정!$B$57)/설정!$B$61,0))+((B$28)*$B$5*설정!$B$57)+((B$28)*$C$5*설정!$B$57),($B$5*$C$5*$H$5)+((B$28)*$B$5*설정!$B$57)*MAX(1,ROUNDUP(($B$5*$C$5*$H$5)/설정!$B$61,0))+((B$28)*$C$5*설정!$B$57)) -> 310378496 | C33: =($D$5)*MIN(($B$5*$C$5*$H$5)*MAX(1,ROUNDUP(((C$28)*$B$5*설정!$B$57)/설정!$B$61,0))+((C$28)*$B$5*설정!$B$57)+((C$28)*$C$5*설정!$B$57),($B$5*$C$5*$H$5)+((C$28)*$B$5*설정!$B$57)*MAX(1,ROUNDUP(($B$5*$C$5*$H$5)/설정!$B$61,0))+((C$28)*$C$5*설정!$B$57)) -> 343932928 | D33: =($D$5)*MIN(($B$5*$C$5*$H$5)*MAX(1,ROUNDUP(((D$28)*$B$5*설정!$B$57)/설정!$B$61,0))+((D$28)*$B$5*설정!$B$57)+((D$28)*$C$5*설정!$B$57),($B$5*$C$5*$H$5)+((D$28)*$B$5*설정!$B$57)*MAX(1,ROUNDUP(($B$5*$C$5*$H$5)/설정!$B$61,0))+((D$28)*$C$5*설정!$B$57)) -> 687865856 | E33: =($D$5)*MIN(($B$5*$C$5*$H$5)*MAX(1,ROUNDUP(((E$28)*$B$5*설정!$B$57)/설정!$B$61,0))+((E$28)*$B$5*설정!$B$57)+((E$28)*$C$5*설정!$B$57),($B$5*$C$5*$H$5)+((E$28)*$B$5*설정!$B$57)*MAX(1,ROUNDUP(($B$5*$C$5*$H$5)/설정!$B$61,0))+((E$28)*$C$5*설정!$B$57)) -> 1098907648 | F33: =($D$5)*MIN(($B$5*$C$5*$H$5)*MAX(1,ROUNDUP(((F$28)*$B$5*설정!$B$57)/설정!$B$61,0))+((F$28)*$B$5*설정!$B$57)+((F$28)*$C$5*설정!$B$57),($B$5*$C$5*$H$5)+((F$28)*$B$5*설정!$B$57)*MAX(1,ROUNDUP(($B$5*$C$5*$H$5)/설정!$B$61,0))+((F$28)*$C$5*설정!$B$57)) -> 1920991232 | G33: =($D$5)*MIN(($B$5*$C$5*$H$5)*MAX(1,ROUNDUP(((G$28)*$B$5*설정!$B$57)/설정!$B$61,0))+((G$28)*$B$5*설정!$B$57)+((G$28)*$C$5*설정!$B$57),($B$5*$C$5*$H$5)+((G$28)*$B$5*설정!$B$57)*MAX(1,ROUNDUP(($B$5*$C$5*$H$5)/설정!$B$61,0))+((G$28)*$C$5*설정!$B$57)) -> 3841982464 | H33: =($D$5)*MIN(($B$5*$C$5*$H$5)*MAX(1,ROUNDUP(((H$28)*$B$5*설정!$B$57)/설정!$B$61,0))+((H$28)*$B$5*설정!$B$57)+((H$28)*$C$5*설정!$B$57),($B$5*$C$5*$H$5)+((H$28)*$B$5*설정!$B$57)*MAX(1,ROUNDUP(($B$5*$C$5*$H$5)/설정!$B$61,0))+((H$28)*$C$5*설정!$B$57)) -> 7683964928
A34: full.q_proj 시간 (ms) | B34: =MAX(B32/$I$5,B33/설정!$B$60)*1000 -> 6.0858529 | C34: =MAX(C32/$I$5,C33/설정!$B$60)*1000 -> 11.453246 | D34: =MAX(D32/$I$5,D33/설정!$B$60)*1000 -> 22.906492 | E34: =MAX(E32/$I$5,E33/설정!$B$60)*1000 -> 45.812984 | F34: =MAX(F32/$I$5,F33/설정!$B$60)*1000 -> 91.625969 | G34: =MAX(G32/$I$5,G33/설정!$B$60)*1000 -> 183.25194 | H34: =MAX(H32/$I$5,H33/설정!$B$60)*1000 -> 366.50388
A35: full.k_proj 연산량 (ops) | B35: =($D$6)*2*(B$28)*$B$6*$C$6 -> 34359738368 | C35: =($D$6)*2*(C$28)*$B$6*$C$6 -> 68719476736 | D35: =($D$6)*2*(D$28)*$B$6*$C$6 -> 137438953472 | E35: =($D$6)*2*(E$28)*$B$6*$C$6 -> 274877906944 | F35: =($D$6)*2*(F$28)*$B$6*$C$6 -> 549755813888 | G35: =($D$6)*2*(G$28)*$B$6*$C$6 -> 1099511627776 | H35: =($D$6)*2*(H$28)*$B$6*$C$6 -> 2199023255552
A36: full.k_proj DRAM 트래픽 (B) | B36: =($D$6)*MIN(($B$6*$C$6*$H$6)*MAX(1,ROUNDUP(((B$28)*$B$6*설정!$B$57)/설정!$B$61,0))+((B$28)*$B$6*설정!$B$57)+((B$28)*$C$6*설정!$B$57),($B$6*$C$6*$H$6)+((B$28)*$B$6*설정!$B$57)*MAX(1,ROUNDUP(($B$6*$C$6*$H$6)/설정!$B$61,0))+((B$28)*$C$6*설정!$B$57)) -> 90177536 | C36: =($D$6)*MIN(($B$6*$C$6*$H$6)*MAX(1,ROUNDUP(((C$28)*$B$6*설정!$B$57)/설정!$B$61,0))+((C$28)*$B$6*설정!$B$57)+((C$28)*$C$6*설정!$B$57),($B$6*$C$6*$H$6)+((C$28)*$B$6*설정!$B$57)*MAX(1,ROUNDUP(($B$6*$C$6*$H$6)/설정!$B$61,0))+((C$28)*$C$6*설정!$B$57)) -> 111149056 | D36: =($D$6)*MIN(($B$6*$C$6*$H$6)*MAX(1,ROUNDUP(((D$28)*$B$6*설정!$B$57)/설정!$B$61,0))+((D$28)*$B$6*설정!$B$57)+((D$28)*$C$6*설정!$B$57),($B$6*$C$6*$H$6)+((D$28)*$B$6*설정!$B$57)*MAX(1,ROUNDUP(($B$6*$C$6*$H$6)/설정!$B$61,0))+((D$28)*$C$6*설정!$B$57)) -> 220200960 | E36: =($D$6)*MIN(($B$6*$C$6*$H$6)*MAX(1,ROUNDUP(((E$28)*$B$6*설정!$B$57)/설정!$B$61,0))+((E$28)*$B$6*설정!$B$57)+((E$28)*$C$6*설정!$B$57),($B$6*$C$6*$H$6)+((E$28)*$B$6*설정!$B$57)*MAX(1,ROUNDUP(($B$6*$C$6*$H$6)/설정!$B$61,0))+((E$28)*$C$6*설정!$B$57)) -> 371195904 | F36: =($D$6)*MIN(($B$6*$C$6*$H$6)*MAX(1,ROUNDUP(((F$28)*$B$6*설정!$B$57)/설정!$B$61,0))+((F$28)*$B$6*설정!$B$57)+((F$28)*$C$6*설정!$B$57),($B$6*$C$6*$H$6)+((F$28)*$B$6*설정!$B$57)*MAX(1,ROUNDUP(($B$6*$C$6*$H$6)/설정!$B$61,0))+((F$28)*$C$6*설정!$B$57)) -> 673185792 | G36: =($D$6)*MIN(($B$6*$C$6*$H$6)*MAX(1,ROUNDUP(((G$28)*$B$6*설정!$B$57)/설정!$B$61,0))+((G$28)*$B$6*설정!$B$57)+((G$28)*$C$6*설정!$B$57),($B$6*$C$6*$H$6)+((G$28)*$B$6*설정!$B$57)*MAX(1,ROUNDUP(($B$6*$C$6*$H$6)/설정!$B$61,0))+((G$28)*$C$6*설정!$B$57)) -> 1277165568 | H36: =($D$6)*MIN(($B$6*$C$6*$H$6)*MAX(1,ROUNDUP(((H$28)*$B$6*설정!$B$57)/설정!$B$61,0))+((H$28)*$B$6*설정!$B$57)+((H$28)*$C$6*설정!$B$57),($B$6*$C$6*$H$6)+((H$28)*$B$6*설정!$B$57)*MAX(1,ROUNDUP(($B$6*$C$6*$H$6)/설정!$B$61,0))+((H$28)*$C$6*설정!$B$57)) -> 2485125120
A37: full.k_proj 시간 (ms) | B37: =MAX(B35/$I$6,B36/설정!$B$60)*1000 -> 1.768187 | C37: =MAX(C35/$I$6,C36/설정!$B$60)*1000 -> 2.8633115 | D37: =MAX(D35/$I$6,D36/설정!$B$60)*1000 -> 5.7266231 | E37: =MAX(E35/$I$6,E36/설정!$B$60)*1000 -> 11.453246 | F37: =MAX(F35/$I$6,F36/설정!$B$60)*1000 -> 22.906492 | G37: =MAX(G35/$I$6,G36/설정!$B$60)*1000 -> 45.812984 | H37: =MAX(H35/$I$6,H36/설정!$B$60)*1000 -> 91.625969
A38: full.v_proj 연산량 (ops) | B38: =($D$7)*2*(B$28)*$B$7*$C$7 -> 34359738368 | C38: =($D$7)*2*(C$28)*$B$7*$C$7 -> 68719476736 | D38: =($D$7)*2*(D$28)*$B$7*$C$7 -> 137438953472 | E38: =($D$7)*2*(E$28)*$B$7*$C$7 -> 274877906944 | F38: =($D$7)*2*(F$28)*$B$7*$C$7 -> 549755813888 | G38: =($D$7)*2*(G$28)*$B$7*$C$7 -> 1099511627776 | H38: =($D$7)*2*(H$28)*$B$7*$C$7 -> 2199023255552
A39: full.v_proj DRAM 트래픽 (B) | B39: =($D$7)*MIN(($B$7*$C$7*$H$7)*MAX(1,ROUNDUP(((B$28)*$B$7*설정!$B$57)/설정!$B$61,0))+((B$28)*$B$7*설정!$B$57)+((B$28)*$C$7*설정!$B$57),($B$7*$C$7*$H$7)+((B$28)*$B$7*설정!$B$57)*MAX(1,ROUNDUP(($B$7*$C$7*$H$7)/설정!$B$61,0))+((B$28)*$C$7*설정!$B$57)) -> 90177536 | C39: =($D$7)*MIN(($B$7*$C$7*$H$7)*MAX(1,ROUNDUP(((C$28)*$B$7*설정!$B$57)/설정!$B$61,0))+((C$28)*$B$7*설정!$B$57)+((C$28)*$C$7*설정!$B$57),($B$7*$C$7*$H$7)+((C$28)*$B$7*설정!$B$57)*MAX(1,ROUNDUP(($B$7*$C$7*$H$7)/설정!$B$61,0))+((C$28)*$C$7*설정!$B$57)) -> 111149056 | D39: =($D$7)*MIN(($B$7*$C$7*$H$7)*MAX(1,ROUNDUP(((D$28)*$B$7*설정!$B$57)/설정!$B$61,0))+((D$28)*$B$7*설정!$B$57)+((D$28)*$C$7*설정!$B$57),($B$7*$C$7*$H$7)+((D$28)*$B$7*설정!$B$57)*MAX(1,ROUNDUP(($B$7*$C$7*$H$7)/설정!$B$61,0))+((D$28)*$C$7*설정!$B$57)) -> 220200960 | E39: =($D$7)*MIN(($B$7*$C$7*$H$7)*MAX(1,ROUNDUP(((E$28)*$B$7*설정!$B$57)/설정!$B$61,0))+((E$28)*$B$7*설정!$B$57)+((E$28)*$C$7*설정!$B$57),($B$7*$C$7*$H$7)+((E$28)*$B$7*설정!$B$57)*MAX(1,ROUNDUP(($B$7*$C$7*$H$7)/설정!$B$61,0))+((E$28)*$C$7*설정!$B$57)) -> 371195904 | F39: =($D$7)*MIN(($B$7*$C$7*$H$7)*MAX(1,ROUNDUP(((F$28)*$B$7*설정!$B$57)/설정!$B$61,0))+((F$28)*$B$7*설정!$B$57)+((F$28)*$C$7*설정!$B$57),($B$7*$C$7*$H$7)+((F$28)*$B$7*설정!$B$57)*MAX(1,ROUNDUP(($B$7*$C$7*$H$7)/설정!$B$61,0))+((F$28)*$C$7*설정!$B$57)) -> 673185792 | G39: =($D$7)*MIN(($B$7*$C$7*$H$7)*MAX(1,ROUNDUP(((G$28)*$B$7*설정!$B$57)/설정!$B$61,0))+((G$28)*$B$7*설정!$B$57)+((G$28)*$C$7*설정!$B$57),($B$7*$C$7*$H$7)+((G$28)*$B$7*설정!$B$57)*MAX(1,ROUNDUP(($B$7*$C$7*$H$7)/설정!$B$61,0))+((G$28)*$C$7*설정!$B$57)) -> 1277165568 | H39: =($D$7)*MIN(($B$7*$C$7*$H$7)*MAX(1,ROUNDUP(((H$28)*$B$7*설정!$B$57)/설정!$B$61,0))+((H$28)*$B$7*설정!$B$57)+((H$28)*$C$7*설정!$B$57),($B$7*$C$7*$H$7)+((H$28)*$B$7*설정!$B$57)*MAX(1,ROUNDUP(($B$7*$C$7*$H$7)/설정!$B$61,0))+((H$28)*$C$7*설정!$B$57)) -> 2485125120
A40: full.v_proj 시간 (ms) | B40: =MAX(B38/$I$7,B39/설정!$B$60)*1000 -> 1.768187 | C40: =MAX(C38/$I$7,C39/설정!$B$60)*1000 -> 2.8633115 | D40: =MAX(D38/$I$7,D39/설정!$B$60)*1000 -> 5.7266231 | E40: =MAX(E38/$I$7,E39/설정!$B$60)*1000 -> 11.453246 | F40: =MAX(F38/$I$7,F39/설정!$B$60)*1000 -> 22.906492 | G40: =MAX(G38/$I$7,G39/설정!$B$60)*1000 -> 45.812984 | H40: =MAX(H38/$I$7,H39/설정!$B$60)*1000 -> 91.625969
A41: full.o_proj 연산량 (ops) | B41: =($D$8)*2*(B$28)*$B$8*$C$8 -> 137438953472 | C41: =($D$8)*2*(C$28)*$B$8*$C$8 -> 274877906944 | D41: =($D$8)*2*(D$28)*$B$8*$C$8 -> 549755813888 | E41: =($D$8)*2*(E$28)*$B$8*$C$8 -> 1099511627776 | F41: =($D$8)*2*(F$28)*$B$8*$C$8 -> 2199023255552 | G41: =($D$8)*2*(G$28)*$B$8*$C$8 -> 4398046511104 | H41: =($D$8)*2*(H$28)*$B$8*$C$8 -> 8796093022208
A42: full.o_proj DRAM 트래픽 (B) | B42: =($D$8)*MIN(($B$8*$C$8*$H$8)*MAX(1,ROUNDUP(((B$28)*$B$8*설정!$B$57)/설정!$B$61,0))+((B$28)*$B$8*설정!$B$57)+((B$28)*$C$8*설정!$B$57),($B$8*$C$8*$H$8)+((B$28)*$B$8*설정!$B$57)*MAX(1,ROUNDUP(($B$8*$C$8*$H$8)/설정!$B$61,0))+((B$28)*$C$8*설정!$B$57)) -> 310378496 | C42: =($D$8)*MIN(($B$8*$C$8*$H$8)*MAX(1,ROUNDUP(((C$28)*$B$8*설정!$B$57)/설정!$B$61,0))+((C$28)*$B$8*설정!$B$57)+((C$28)*$C$8*설정!$B$57),($B$8*$C$8*$H$8)+((C$28)*$B$8*설정!$B$57)*MAX(1,ROUNDUP(($B$8*$C$8*$H$8)/설정!$B$61,0))+((C$28)*$C$8*설정!$B$57)) -> 343932928 | D42: =($D$8)*MIN(($B$8*$C$8*$H$8)*MAX(1,ROUNDUP(((D$28)*$B$8*설정!$B$57)/설정!$B$61,0))+((D$28)*$B$8*설정!$B$57)+((D$28)*$C$8*설정!$B$57),($B$8*$C$8*$H$8)+((D$28)*$B$8*설정!$B$57)*MAX(1,ROUNDUP(($B$8*$C$8*$H$8)/설정!$B$61,0))+((D$28)*$C$8*설정!$B$57)) -> 687865856 | E42: =($D$8)*MIN(($B$8*$C$8*$H$8)*MAX(1,ROUNDUP(((E$28)*$B$8*설정!$B$57)/설정!$B$61,0))+((E$28)*$B$8*설정!$B$57)+((E$28)*$C$8*설정!$B$57),($B$8*$C$8*$H$8)+((E$28)*$B$8*설정!$B$57)*MAX(1,ROUNDUP(($B$8*$C$8*$H$8)/설정!$B$61,0))+((E$28)*$C$8*설정!$B$57)) -> 1098907648 | F42: =($D$8)*MIN(($B$8*$C$8*$H$8)*MAX(1,ROUNDUP(((F$28)*$B$8*설정!$B$57)/설정!$B$61,0))+((F$28)*$B$8*설정!$B$57)+((F$28)*$C$8*설정!$B$57),($B$8*$C$8*$H$8)+((F$28)*$B$8*설정!$B$57)*MAX(1,ROUNDUP(($B$8*$C$8*$H$8)/설정!$B$61,0))+((F$28)*$C$8*설정!$B$57)) -> 1920991232 | G42: =($D$8)*MIN(($B$8*$C$8*$H$8)*MAX(1,ROUNDUP(((G$28)*$B$8*설정!$B$57)/설정!$B$61,0))+((G$28)*$B$8*설정!$B$57)+((G$28)*$C$8*설정!$B$57),($B$8*$C$8*$H$8)+((G$28)*$B$8*설정!$B$57)*MAX(1,ROUNDUP(($B$8*$C$8*$H$8)/설정!$B$61,0))+((G$28)*$C$8*설정!$B$57)) -> 3841982464 | H42: =($D$8)*MIN(($B$8*$C$8*$H$8)*MAX(1,ROUNDUP(((H$28)*$B$8*설정!$B$57)/설정!$B$61,0))+((H$28)*$B$8*설정!$B$57)+((H$28)*$C$8*설정!$B$57),($B$8*$C$8*$H$8)+((H$28)*$B$8*설정!$B$57)*MAX(1,ROUNDUP(($B$8*$C$8*$H$8)/설정!$B$61,0))+((H$28)*$C$8*설정!$B$57)) -> 7683964928
A43: full.o_proj 시간 (ms) | B43: =MAX(B41/$I$8,B42/설정!$B$60)*1000 -> 6.0858529 | C43: =MAX(C41/$I$8,C42/설정!$B$60)*1000 -> 11.453246 | D43: =MAX(D41/$I$8,D42/설정!$B$60)*1000 -> 22.906492 | E43: =MAX(E41/$I$8,E42/설정!$B$60)*1000 -> 45.812984 | F43: =MAX(F41/$I$8,F42/설정!$B$60)*1000 -> 91.625969 | G43: =MAX(G41/$I$8,G42/설정!$B$60)*1000 -> 183.25194 | H43: =MAX(H41/$I$8,H42/설정!$B$60)*1000 -> 366.50388
A44: swa.q_proj 연산량 (ops) | B44: =($D$9)*2*(B$28)*$B$9*$C$9 -> 0 | C44: =($D$9)*2*(C$28)*$B$9*$C$9 -> 0 | D44: =($D$9)*2*(D$28)*$B$9*$C$9 -> 0 | E44: =($D$9)*2*(E$28)*$B$9*$C$9 -> 0 | F44: =($D$9)*2*(F$28)*$B$9*$C$9 -> 0 | G44: =($D$9)*2*(G$28)*$B$9*$C$9 -> 0 | H44: =($D$9)*2*(H$28)*$B$9*$C$9 -> 0
A45: swa.q_proj DRAM 트래픽 (B) | B45: =($D$9)*MIN(($B$9*$C$9*$H$9)*MAX(1,ROUNDUP(((B$28)*$B$9*설정!$B$57)/설정!$B$61,0))+((B$28)*$B$9*설정!$B$57)+((B$28)*$C$9*설정!$B$57),($B$9*$C$9*$H$9)+((B$28)*$B$9*설정!$B$57)*MAX(1,ROUNDUP(($B$9*$C$9*$H$9)/설정!$B$61,0))+((B$28)*$C$9*설정!$B$57)) -> 0 | C45: =($D$9)*MIN(($B$9*$C$9*$H$9)*MAX(1,ROUNDUP(((C$28)*$B$9*설정!$B$57)/설정!$B$61,0))+((C$28)*$B$9*설정!$B$57)+((C$28)*$C$9*설정!$B$57),($B$9*$C$9*$H$9)+((C$28)*$B$9*설정!$B$57)*MAX(1,ROUNDUP(($B$9*$C$9*$H$9)/설정!$B$61,0))+((C$28)*$C$9*설정!$B$57)) -> 0 | D45: =($D$9)*MIN(($B$9*$C$9*$H$9)*MAX(1,ROUNDUP(((D$28)*$B$9*설정!$B$57)/설정!$B$61,0))+((D$28)*$B$9*설정!$B$57)+((D$28)*$C$9*설정!$B$57),($B$9*$C$9*$H$9)+((D$28)*$B$9*설정!$B$57)*MAX(1,ROUNDUP(($B$9*$C$9*$H$9)/설정!$B$61,0))+((D$28)*$C$9*설정!$B$57)) -> 0 | E45: =($D$9)*MIN(($B$9*$C$9*$H$9)*MAX(1,ROUNDUP(((E$28)*$B$9*설정!$B$57)/설정!$B$61,0))+((E$28)*$B$9*설정!$B$57)+((E$28)*$C$9*설정!$B$57),($B$9*$C$9*$H$9)+((E$28)*$B$9*설정!$B$57)*MAX(1,ROUNDUP(($B$9*$C$9*$H$9)/설정!$B$61,0))+((E$28)*$C$9*설정!$B$57)) -> 0 | F45: =($D$9)*MIN(($B$9*$C$9*$H$9)*MAX(1,ROUNDUP(((F$28)*$B$9*설정!$B$57)/설정!$B$61,0))+((F$28)*$B$9*설정!$B$57)+((F$28)*$C$9*설정!$B$57),($B$9*$C$9*$H$9)+((F$28)*$B$9*설정!$B$57)*MAX(1,ROUNDUP(($B$9*$C$9*$H$9)/설정!$B$61,0))+((F$28)*$C$9*설정!$B$57)) -> 0 | G45: =($D$9)*MIN(($B$9*$C$9*$H$9)*MAX(1,ROUNDUP(((G$28)*$B$9*설정!$B$57)/설정!$B$61,0))+((G$28)*$B$9*설정!$B$57)+((G$28)*$C$9*설정!$B$57),($B$9*$C$9*$H$9)+((G$28)*$B$9*설정!$B$57)*MAX(1,ROUNDUP(($B$9*$C$9*$H$9)/설정!$B$61,0))+((G$28)*$C$9*설정!$B$57)) -> 0 | H45: =($D$9)*MIN(($B$9*$C$9*$H$9)*MAX(1,ROUNDUP(((H$28)*$B$9*설정!$B$57)/설정!$B$61,0))+((H$28)*$B$9*설정!$B$57)+((H$28)*$C$9*설정!$B$57),($B$9*$C$9*$H$9)+((H$28)*$B$9*설정!$B$57)*MAX(1,ROUNDUP(($B$9*$C$9*$H$9)/설정!$B$61,0))+((H$28)*$C$9*설정!$B$57)) -> 0
A46: swa.q_proj 시간 (ms) | B46: =MAX(B44/$I$9,B45/설정!$B$60)*1000 -> 0 | C46: =MAX(C44/$I$9,C45/설정!$B$60)*1000 -> 0 | D46: =MAX(D44/$I$9,D45/설정!$B$60)*1000 -> 0 | E46: =MAX(E44/$I$9,E45/설정!$B$60)*1000 -> 0 | F46: =MAX(F44/$I$9,F45/설정!$B$60)*1000 -> 0 | G46: =MAX(G44/$I$9,G45/설정!$B$60)*1000 -> 0 | H46: =MAX(H44/$I$9,H45/설정!$B$60)*1000 -> 0
A47: swa.k_proj 연산량 (ops) | B47: =($D$10)*2*(B$28)*$B$10*$C$10 -> 0 | C47: =($D$10)*2*(C$28)*$B$10*$C$10 -> 0 | D47: =($D$10)*2*(D$28)*$B$10*$C$10 -> 0 | E47: =($D$10)*2*(E$28)*$B$10*$C$10 -> 0 | F47: =($D$10)*2*(F$28)*$B$10*$C$10 -> 0 | G47: =($D$10)*2*(G$28)*$B$10*$C$10 -> 0 | H47: =($D$10)*2*(H$28)*$B$10*$C$10 -> 0
A48: swa.k_proj DRAM 트래픽 (B) | B48: =($D$10)*MIN(($B$10*$C$10*$H$10)*MAX(1,ROUNDUP(((B$28)*$B$10*설정!$B$57)/설정!$B$61,0))+((B$28)*$B$10*설정!$B$57)+((B$28)*$C$10*설정!$B$57),($B$10*$C$10*$H$10)+((B$28)*$B$10*설정!$B$57)*MAX(1,ROUNDUP(($B$10*$C$10*$H$10)/설정!$B$61,0))+((B$28)*$C$10*설정!$B$57)) -> 0 | C48: =($D$10)*MIN(($B$10*$C$10*$H$10)*MAX(1,ROUNDUP(((C$28)*$B$10*설정!$B$57)/설정!$B$61,0))+((C$28)*$B$10*설정!$B$57)+((C$28)*$C$10*설정!$B$57),($B$10*$C$10*$H$10)+((C$28)*$B$10*설정!$B$57)*MAX(1,ROUNDUP(($B$10*$C$10*$H$10)/설정!$B$61,0))+((C$28)*$C$10*설정!$B$57)) -> 0 | D48: =($D$10)*MIN(($B$10*$C$10*$H$10)*MAX(1,ROUNDUP(((D$28)*$B$10*설정!$B$57)/설정!$B$61,0))+((D$28)*$B$10*설정!$B$57)+((D$28)*$C$10*설정!$B$57),($B$10*$C$10*$H$10)+((D$28)*$B$10*설정!$B$57)*MAX(1,ROUNDUP(($B$10*$C$10*$H$10)/설정!$B$61,0))+((D$28)*$C$10*설정!$B$57)) -> 0 | E48: =($D$10)*MIN(($B$10*$C$10*$H$10)*MAX(1,ROUNDUP(((E$28)*$B$10*설정!$B$57)/설정!$B$61,0))+((E$28)*$B$10*설정!$B$57)+((E$28)*$C$10*설정!$B$57),($B$10*$C$10*$H$10)+((E$28)*$B$10*설정!$B$57)*MAX(1,ROUNDUP(($B$10*$C$10*$H$10)/설정!$B$61,0))+((E$28)*$C$10*설정!$B$57)) -> 0 | F48: =($D$10)*MIN(($B$10*$C$10*$H$10)*MAX(1,ROUNDUP(((F$28)*$B$10*설정!$B$57)/설정!$B$61,0))+((F$28)*$B$10*설정!$B$57)+((F$28)*$C$10*설정!$B$57),($B$10*$C$10*$H$10)+((F$28)*$B$10*설정!$B$57)*MAX(1,ROUNDUP(($B$10*$C$10*$H$10)/설정!$B$61,0))+((F$28)*$C$10*설정!$B$57)) -> 0 | G48: =($D$10)*MIN(($B$10*$C$10*$H$10)*MAX(1,ROUNDUP(((G$28)*$B$10*설정!$B$57)/설정!$B$61,0))+((G$28)*$B$10*설정!$B$57)+((G$28)*$C$10*설정!$B$57),($B$10*$C$10*$H$10)+((G$28)*$B$10*설정!$B$57)*MAX(1,ROUNDUP(($B$10*$C$10*$H$10)/설정!$B$61,0))+((G$28)*$C$10*설정!$B$57)) -> 0 | H48: =($D$10)*MIN(($B$10*$C$10*$H$10)*MAX(1,ROUNDUP(((H$28)*$B$10*설정!$B$57)/설정!$B$61,0))+((H$28)*$B$10*설정!$B$57)+((H$28)*$C$10*설정!$B$57),($B$10*$C$10*$H$10)+((H$28)*$B$10*설정!$B$57)*MAX(1,ROUNDUP(($B$10*$C$10*$H$10)/설정!$B$61,0))+((H$28)*$C$10*설정!$B$57)) -> 0
A49: swa.k_proj 시간 (ms) | B49: =MAX(B47/$I$10,B48/설정!$B$60)*1000 -> 0 | C49: =MAX(C47/$I$10,C48/설정!$B$60)*1000 -> 0 | D49: =MAX(D47/$I$10,D48/설정!$B$60)*1000 -> 0 | E49: =MAX(E47/$I$10,E48/설정!$B$60)*1000 -> 0 | F49: =MAX(F47/$I$10,F48/설정!$B$60)*1000 -> 0 | G49: =MAX(G47/$I$10,G48/설정!$B$60)*1000 -> 0 | H49: =MAX(H47/$I$10,H48/설정!$B$60)*1000 -> 0
A50: swa.v_proj 연산량 (ops) | B50: =($D$11)*2*(B$28)*$B$11*$C$11 -> 0 | C50: =($D$11)*2*(C$28)*$B$11*$C$11 -> 0 | D50: =($D$11)*2*(D$28)*$B$11*$C$11 -> 0 | E50: =($D$11)*2*(E$28)*$B$11*$C$11 -> 0 | F50: =($D$11)*2*(F$28)*$B$11*$C$11 -> 0 | G50: =($D$11)*2*(G$28)*$B$11*$C$11 -> 0 | H50: =($D$11)*2*(H$28)*$B$11*$C$11 -> 0
A51: swa.v_proj DRAM 트래픽 (B) | B51: =($D$11)*MIN(($B$11*$C$11*$H$11)*MAX(1,ROUNDUP(((B$28)*$B$11*설정!$B$57)/설정!$B$61,0))+((B$28)*$B$11*설정!$B$57)+((B$28)*$C$11*설정!$B$57),($B$11*$C$11*$H$11)+((B$28)*$B$11*설정!$B$57)*MAX(1,ROUNDUP(($B$11*$C$11*$H$11)/설정!$B$61,0))+((B$28)*$C$11*설정!$B$57)) -> 0 | C51: =($D$11)*MIN(($B$11*$C$11*$H$11)*MAX(1,ROUNDUP(((C$28)*$B$11*설정!$B$57)/설정!$B$61,0))+((C$28)*$B$11*설정!$B$57)+((C$28)*$C$11*설정!$B$57),($B$11*$C$11*$H$11)+((C$28)*$B$11*설정!$B$57)*MAX(1,ROUNDUP(($B$11*$C$11*$H$11)/설정!$B$61,0))+((C$28)*$C$11*설정!$B$57)) -> 0 | D51: =($D$11)*MIN(($B$11*$C$11*$H$11)*MAX(1,ROUNDUP(((D$28)*$B$11*설정!$B$57)/설정!$B$61,0))+((D$28)*$B$11*설정!$B$57)+((D$28)*$C$11*설정!$B$57),($B$11*$C$11*$H$11)+((D$28)*$B$11*설정!$B$57)*MAX(1,ROUNDUP(($B$11*$C$11*$H$11)/설정!$B$61,0))+((D$28)*$C$11*설정!$B$57)) -> 0 | E51: =($D$11)*MIN(($B$11*$C$11*$H$11)*MAX(1,ROUNDUP(((E$28)*$B$11*설정!$B$57)/설정!$B$61,0))+((E$28)*$B$11*설정!$B$57)+((E$28)*$C$11*설정!$B$57),($B$11*$C$11*$H$11)+((E$28)*$B$11*설정!$B$57)*MAX(1,ROUNDUP(($B$11*$C$11*$H$11)/설정!$B$61,0))+((E$28)*$C$11*설정!$B$57)) -> 0 | F51: =($D$11)*MIN(($B$11*$C$11*$H$11)*MAX(1,ROUNDUP(((F$28)*$B$11*설정!$B$57)/설정!$B$61,0))+((F$28)*$B$11*설정!$B$57)+((F$28)*$C$11*설정!$B$57),($B$11*$C$11*$H$11)+((F$28)*$B$11*설정!$B$57)*MAX(1,ROUNDUP(($B$11*$C$11*$H$11)/설정!$B$61,0))+((F$28)*$C$11*설정!$B$57)) -> 0 | G51: =($D$11)*MIN(($B$11*$C$11*$H$11)*MAX(1,ROUNDUP(((G$28)*$B$11*설정!$B$57)/설정!$B$61,0))+((G$28)*$B$11*설정!$B$57)+((G$28)*$C$11*설정!$B$57),($B$11*$C$11*$H$11)+((G$28)*$B$11*설정!$B$57)*MAX(1,ROUNDUP(($B$11*$C$11*$H$11)/설정!$B$61,0))+((G$28)*$C$11*설정!$B$57)) -> 0 | H51: =($D$11)*MIN(($B$11*$C$11*$H$11)*MAX(1,ROUNDUP(((H$28)*$B$11*설정!$B$57)/설정!$B$61,0))+((H$28)*$B$11*설정!$B$57)+((H$28)*$C$11*설정!$B$57),($B$11*$C$11*$H$11)+((H$28)*$B$11*설정!$B$57)*MAX(1,ROUNDUP(($B$11*$C$11*$H$11)/설정!$B$61,0))+((H$28)*$C$11*설정!$B$57)) -> 0
A52: swa.v_proj 시간 (ms) | B52: =MAX(B50/$I$11,B51/설정!$B$60)*1000 -> 0 | C52: =MAX(C50/$I$11,C51/설정!$B$60)*1000 -> 0 | D52: =MAX(D50/$I$11,D51/설정!$B$60)*1000 -> 0 | E52: =MAX(E50/$I$11,E51/설정!$B$60)*1000 -> 0 | F52: =MAX(F50/$I$11,F51/설정!$B$60)*1000 -> 0 | G52: =MAX(G50/$I$11,G51/설정!$B$60)*1000 -> 0 | H52: =MAX(H50/$I$11,H51/설정!$B$60)*1000 -> 0
A53: swa.o_proj 연산량 (ops) | B53: =($D$12)*2*(B$28)*$B$12*$C$12 -> 0 | C53: =($D$12)*2*(C$28)*$B$12*$C$12 -> 0 | D53: =($D$12)*2*(D$28)*$B$12*$C$12 -> 0 | E53: =($D$12)*2*(E$28)*$B$12*$C$12 -> 0 | F53: =($D$12)*2*(F$28)*$B$12*$C$12 -> 0 | G53: =($D$12)*2*(G$28)*$B$12*$C$12 -> 0 | H53: =($D$12)*2*(H$28)*$B$12*$C$12 -> 0
A54: swa.o_proj DRAM 트래픽 (B) | B54: =($D$12)*MIN(($B$12*$C$12*$H$12)*MAX(1,ROUNDUP(((B$28)*$B$12*설정!$B$57)/설정!$B$61,0))+((B$28)*$B$12*설정!$B$57)+((B$28)*$C$12*설정!$B$57),($B$12*$C$12*$H$12)+((B$28)*$B$12*설정!$B$57)*MAX(1,ROUNDUP(($B$12*$C$12*$H$12)/설정!$B$61,0))+((B$28)*$C$12*설정!$B$57)) -> 0 | C54: =($D$12)*MIN(($B$12*$C$12*$H$12)*MAX(1,ROUNDUP(((C$28)*$B$12*설정!$B$57)/설정!$B$61,0))+((C$28)*$B$12*설정!$B$57)+((C$28)*$C$12*설정!$B$57),($B$12*$C$12*$H$12)+((C$28)*$B$12*설정!$B$57)*MAX(1,ROUNDUP(($B$12*$C$12*$H$12)/설정!$B$61,0))+((C$28)*$C$12*설정!$B$57)) -> 0 | D54: =($D$12)*MIN(($B$12*$C$12*$H$12)*MAX(1,ROUNDUP(((D$28)*$B$12*설정!$B$57)/설정!$B$61,0))+((D$28)*$B$12*설정!$B$57)+((D$28)*$C$12*설정!$B$57),($B$12*$C$12*$H$12)+((D$28)*$B$12*설정!$B$57)*MAX(1,ROUNDUP(($B$12*$C$12*$H$12)/설정!$B$61,0))+((D$28)*$C$12*설정!$B$57)) -> 0 | E54: =($D$12)*MIN(($B$12*$C$12*$H$12)*MAX(1,ROUNDUP(((E$28)*$B$12*설정!$B$57)/설정!$B$61,0))+((E$28)*$B$12*설정!$B$57)+((E$28)*$C$12*설정!$B$57),($B$12*$C$12*$H$12)+((E$28)*$B$12*설정!$B$57)*MAX(1,ROUNDUP(($B$12*$C$12*$H$12)/설정!$B$61,0))+((E$28)*$C$12*설정!$B$57)) -> 0 | F54: =($D$12)*MIN(($B$12*$C$12*$H$12)*MAX(1,ROUNDUP(((F$28)*$B$12*설정!$B$57)/설정!$B$61,0))+((F$28)*$B$12*설정!$B$57)+((F$28)*$C$12*설정!$B$57),($B$12*$C$12*$H$12)+((F$28)*$B$12*설정!$B$57)*MAX(1,ROUNDUP(($B$12*$C$12*$H$12)/설정!$B$61,0))+((F$28)*$C$12*설정!$B$57)) -> 0 | G54: =($D$12)*MIN(($B$12*$C$12*$H$12)*MAX(1,ROUNDUP(((G$28)*$B$12*설정!$B$57)/설정!$B$61,0))+((G$28)*$B$12*설정!$B$57)+((G$28)*$C$12*설정!$B$57),($B$12*$C$12*$H$12)+((G$28)*$B$12*설정!$B$57)*MAX(1,ROUNDUP(($B$12*$C$12*$H$12)/설정!$B$61,0))+((G$28)*$C$12*설정!$B$57)) -> 0 | H54: =($D$12)*MIN(($B$12*$C$12*$H$12)*MAX(1,ROUNDUP(((H$28)*$B$12*설정!$B$57)/설정!$B$61,0))+((H$28)*$B$12*설정!$B$57)+((H$28)*$C$12*설정!$B$57),($B$12*$C$12*$H$12)+((H$28)*$B$12*설정!$B$57)*MAX(1,ROUNDUP(($B$12*$C$12*$H$12)/설정!$B$61,0))+((H$28)*$C$12*설정!$B$57)) -> 0
A55: swa.o_proj 시간 (ms) | B55: =MAX(B53/$I$12,B54/설정!$B$60)*1000 -> 0 | C55: =MAX(C53/$I$12,C54/설정!$B$60)*1000 -> 0 | D55: =MAX(D53/$I$12,D54/설정!$B$60)*1000 -> 0 | E55: =MAX(E53/$I$12,E54/설정!$B$60)*1000 -> 0 | F55: =MAX(F53/$I$12,F54/설정!$B$60)*1000 -> 0 | G55: =MAX(G53/$I$12,G54/설정!$B$60)*1000 -> 0 | H55: =MAX(H53/$I$12,H54/설정!$B$60)*1000 -> 0
A56: gdn.in_proj_qkv 연산량 (ops) | B56: =($D$13)*2*(B$28)*$B$13*$C$13 -> 0 | C56: =($D$13)*2*(C$28)*$B$13*$C$13 -> 0 | D56: =($D$13)*2*(D$28)*$B$13*$C$13 -> 0 | E56: =($D$13)*2*(E$28)*$B$13*$C$13 -> 0 | F56: =($D$13)*2*(F$28)*$B$13*$C$13 -> 0 | G56: =($D$13)*2*(G$28)*$B$13*$C$13 -> 0 | H56: =($D$13)*2*(H$28)*$B$13*$C$13 -> 0
A57: gdn.in_proj_qkv DRAM 트래픽 (B) | B57: =($D$13)*MIN(($B$13*$C$13*$H$13)*MAX(1,ROUNDUP(((B$28)*$B$13*설정!$B$57)/설정!$B$61,0))+((B$28)*$B$13*설정!$B$57)+((B$28)*$C$13*설정!$B$57),($B$13*$C$13*$H$13)+((B$28)*$B$13*설정!$B$57)*MAX(1,ROUNDUP(($B$13*$C$13*$H$13)/설정!$B$61,0))+((B$28)*$C$13*설정!$B$57)) -> 0 | C57: =($D$13)*MIN(($B$13*$C$13*$H$13)*MAX(1,ROUNDUP(((C$28)*$B$13*설정!$B$57)/설정!$B$61,0))+((C$28)*$B$13*설정!$B$57)+((C$28)*$C$13*설정!$B$57),($B$13*$C$13*$H$13)+((C$28)*$B$13*설정!$B$57)*MAX(1,ROUNDUP(($B$13*$C$13*$H$13)/설정!$B$61,0))+((C$28)*$C$13*설정!$B$57)) -> 0 | D57: =($D$13)*MIN(($B$13*$C$13*$H$13)*MAX(1,ROUNDUP(((D$28)*$B$13*설정!$B$57)/설정!$B$61,0))+((D$28)*$B$13*설정!$B$57)+((D$28)*$C$13*설정!$B$57),($B$13*$C$13*$H$13)+((D$28)*$B$13*설정!$B$57)*MAX(1,ROUNDUP(($B$13*$C$13*$H$13)/설정!$B$61,0))+((D$28)*$C$13*설정!$B$57)) -> 0 | E57: =($D$13)*MIN(($B$13*$C$13*$H$13)*MAX(1,ROUNDUP(((E$28)*$B$13*설정!$B$57)/설정!$B$61,0))+((E$28)*$B$13*설정!$B$57)+((E$28)*$C$13*설정!$B$57),($B$13*$C$13*$H$13)+((E$28)*$B$13*설정!$B$57)*MAX(1,ROUNDUP(($B$13*$C$13*$H$13)/설정!$B$61,0))+((E$28)*$C$13*설정!$B$57)) -> 0 | F57: =($D$13)*MIN(($B$13*$C$13*$H$13)*MAX(1,ROUNDUP(((F$28)*$B$13*설정!$B$57)/설정!$B$61,0))+((F$28)*$B$13*설정!$B$57)+((F$28)*$C$13*설정!$B$57),($B$13*$C$13*$H$13)+((F$28)*$B$13*설정!$B$57)*MAX(1,ROUNDUP(($B$13*$C$13*$H$13)/설정!$B$61,0))+((F$28)*$C$13*설정!$B$57)) -> 0 | G57: =($D$13)*MIN(($B$13*$C$13*$H$13)*MAX(1,ROUNDUP(((G$28)*$B$13*설정!$B$57)/설정!$B$61,0))+((G$28)*$B$13*설정!$B$57)+((G$28)*$C$13*설정!$B$57),($B$13*$C$13*$H$13)+((G$28)*$B$13*설정!$B$57)*MAX(1,ROUNDUP(($B$13*$C$13*$H$13)/설정!$B$61,0))+((G$28)*$C$13*설정!$B$57)) -> 0 | H57: =($D$13)*MIN(($B$13*$C$13*$H$13)*MAX(1,ROUNDUP(((H$28)*$B$13*설정!$B$57)/설정!$B$61,0))+((H$28)*$B$13*설정!$B$57)+((H$28)*$C$13*설정!$B$57),($B$13*$C$13*$H$13)+((H$28)*$B$13*설정!$B$57)*MAX(1,ROUNDUP(($B$13*$C$13*$H$13)/설정!$B$61,0))+((H$28)*$C$13*설정!$B$57)) -> 0
A58: gdn.in_proj_qkv 시간 (ms) | B58: =MAX(B56/$I$13,B57/설정!$B$60)*1000 -> 0 | C58: =MAX(C56/$I$13,C57/설정!$B$60)*1000 -> 0 | D58: =MAX(D56/$I$13,D57/설정!$B$60)*1000 -> 0 | E58: =MAX(E56/$I$13,E57/설정!$B$60)*1000 -> 0 | F58: =MAX(F56/$I$13,F57/설정!$B$60)*1000 -> 0 | G58: =MAX(G56/$I$13,G57/설정!$B$60)*1000 -> 0 | H58: =MAX(H56/$I$13,H57/설정!$B$60)*1000 -> 0
A59: gdn.in_proj_z 연산량 (ops) | B59: =($D$14)*2*(B$28)*$B$14*$C$14 -> 0 | C59: =($D$14)*2*(C$28)*$B$14*$C$14 -> 0 | D59: =($D$14)*2*(D$28)*$B$14*$C$14 -> 0 | E59: =($D$14)*2*(E$28)*$B$14*$C$14 -> 0 | F59: =($D$14)*2*(F$28)*$B$14*$C$14 -> 0 | G59: =($D$14)*2*(G$28)*$B$14*$C$14 -> 0 | H59: =($D$14)*2*(H$28)*$B$14*$C$14 -> 0
A60: gdn.in_proj_z DRAM 트래픽 (B) | B60: =($D$14)*MIN(($B$14*$C$14*$H$14)*MAX(1,ROUNDUP(((B$28)*$B$14*설정!$B$57)/설정!$B$61,0))+((B$28)*$B$14*설정!$B$57)+((B$28)*$C$14*설정!$B$57),($B$14*$C$14*$H$14)+((B$28)*$B$14*설정!$B$57)*MAX(1,ROUNDUP(($B$14*$C$14*$H$14)/설정!$B$61,0))+((B$28)*$C$14*설정!$B$57)) -> 0 | C60: =($D$14)*MIN(($B$14*$C$14*$H$14)*MAX(1,ROUNDUP(((C$28)*$B$14*설정!$B$57)/설정!$B$61,0))+((C$28)*$B$14*설정!$B$57)+((C$28)*$C$14*설정!$B$57),($B$14*$C$14*$H$14)+((C$28)*$B$14*설정!$B$57)*MAX(1,ROUNDUP(($B$14*$C$14*$H$14)/설정!$B$61,0))+((C$28)*$C$14*설정!$B$57)) -> 0 | D60: =($D$14)*MIN(($B$14*$C$14*$H$14)*MAX(1,ROUNDUP(((D$28)*$B$14*설정!$B$57)/설정!$B$61,0))+((D$28)*$B$14*설정!$B$57)+((D$28)*$C$14*설정!$B$57),($B$14*$C$14*$H$14)+((D$28)*$B$14*설정!$B$57)*MAX(1,ROUNDUP(($B$14*$C$14*$H$14)/설정!$B$61,0))+((D$28)*$C$14*설정!$B$57)) -> 0 | E60: =($D$14)*MIN(($B$14*$C$14*$H$14)*MAX(1,ROUNDUP(((E$28)*$B$14*설정!$B$57)/설정!$B$61,0))+((E$28)*$B$14*설정!$B$57)+((E$28)*$C$14*설정!$B$57),($B$14*$C$14*$H$14)+((E$28)*$B$14*설정!$B$57)*MAX(1,ROUNDUP(($B$14*$C$14*$H$14)/설정!$B$61,0))+((E$28)*$C$14*설정!$B$57)) -> 0 | F60: =($D$14)*MIN(($B$14*$C$14*$H$14)*MAX(1,ROUNDUP(((F$28)*$B$14*설정!$B$57)/설정!$B$61,0))+((F$28)*$B$14*설정!$B$57)+((F$28)*$C$14*설정!$B$57),($B$14*$C$14*$H$14)+((F$28)*$B$14*설정!$B$57)*MAX(1,ROUNDUP(($B$14*$C$14*$H$14)/설정!$B$61,0))+((F$28)*$C$14*설정!$B$57)) -> 0 | G60: =($D$14)*MIN(($B$14*$C$14*$H$14)*MAX(1,ROUNDUP(((G$28)*$B$14*설정!$B$57)/설정!$B$61,0))+((G$28)*$B$14*설정!$B$57)+((G$28)*$C$14*설정!$B$57),($B$14*$C$14*$H$14)+((G$28)*$B$14*설정!$B$57)*MAX(1,ROUNDUP(($B$14*$C$14*$H$14)/설정!$B$61,0))+((G$28)*$C$14*설정!$B$57)) -> 0 | H60: =($D$14)*MIN(($B$14*$C$14*$H$14)*MAX(1,ROUNDUP(((H$28)*$B$14*설정!$B$57)/설정!$B$61,0))+((H$28)*$B$14*설정!$B$57)+((H$28)*$C$14*설정!$B$57),($B$14*$C$14*$H$14)+((H$28)*$B$14*설정!$B$57)*MAX(1,ROUNDUP(($B$14*$C$14*$H$14)/설정!$B$61,0))+((H$28)*$C$14*설정!$B$57)) -> 0
A61: gdn.in_proj_z 시간 (ms) | B61: =MAX(B59/$I$14,B60/설정!$B$60)*1000 -> 0 | C61: =MAX(C59/$I$14,C60/설정!$B$60)*1000 -> 0 | D61: =MAX(D59/$I$14,D60/설정!$B$60)*1000 -> 0 | E61: =MAX(E59/$I$14,E60/설정!$B$60)*1000 -> 0 | F61: =MAX(F59/$I$14,F60/설정!$B$60)*1000 -> 0 | G61: =MAX(G59/$I$14,G60/설정!$B$60)*1000 -> 0 | H61: =MAX(H59/$I$14,H60/설정!$B$60)*1000 -> 0
A62: gdn.in_proj_ab 연산량 (ops) | B62: =($D$15)*2*(B$28)*$B$15*$C$15 -> 0 | C62: =($D$15)*2*(C$28)*$B$15*$C$15 -> 0 | D62: =($D$15)*2*(D$28)*$B$15*$C$15 -> 0 | E62: =($D$15)*2*(E$28)*$B$15*$C$15 -> 0 | F62: =($D$15)*2*(F$28)*$B$15*$C$15 -> 0 | G62: =($D$15)*2*(G$28)*$B$15*$C$15 -> 0 | H62: =($D$15)*2*(H$28)*$B$15*$C$15 -> 0
A63: gdn.in_proj_ab DRAM 트래픽 (B) | B63: =($D$15)*MIN(($B$15*$C$15*$H$15)*MAX(1,ROUNDUP(((B$28)*$B$15*설정!$B$57)/설정!$B$61,0))+((B$28)*$B$15*설정!$B$57)+((B$28)*$C$15*설정!$B$57),($B$15*$C$15*$H$15)+((B$28)*$B$15*설정!$B$57)*MAX(1,ROUNDUP(($B$15*$C$15*$H$15)/설정!$B$61,0))+((B$28)*$C$15*설정!$B$57)) -> 0 | C63: =($D$15)*MIN(($B$15*$C$15*$H$15)*MAX(1,ROUNDUP(((C$28)*$B$15*설정!$B$57)/설정!$B$61,0))+((C$28)*$B$15*설정!$B$57)+((C$28)*$C$15*설정!$B$57),($B$15*$C$15*$H$15)+((C$28)*$B$15*설정!$B$57)*MAX(1,ROUNDUP(($B$15*$C$15*$H$15)/설정!$B$61,0))+((C$28)*$C$15*설정!$B$57)) -> 0 | D63: =($D$15)*MIN(($B$15*$C$15*$H$15)*MAX(1,ROUNDUP(((D$28)*$B$15*설정!$B$57)/설정!$B$61,0))+((D$28)*$B$15*설정!$B$57)+((D$28)*$C$15*설정!$B$57),($B$15*$C$15*$H$15)+((D$28)*$B$15*설정!$B$57)*MAX(1,ROUNDUP(($B$15*$C$15*$H$15)/설정!$B$61,0))+((D$28)*$C$15*설정!$B$57)) -> 0 | E63: =($D$15)*MIN(($B$15*$C$15*$H$15)*MAX(1,ROUNDUP(((E$28)*$B$15*설정!$B$57)/설정!$B$61,0))+((E$28)*$B$15*설정!$B$57)+((E$28)*$C$15*설정!$B$57),($B$15*$C$15*$H$15)+((E$28)*$B$15*설정!$B$57)*MAX(1,ROUNDUP(($B$15*$C$15*$H$15)/설정!$B$61,0))+((E$28)*$C$15*설정!$B$57)) -> 0 | F63: =($D$15)*MIN(($B$15*$C$15*$H$15)*MAX(1,ROUNDUP(((F$28)*$B$15*설정!$B$57)/설정!$B$61,0))+((F$28)*$B$15*설정!$B$57)+((F$28)*$C$15*설정!$B$57),($B$15*$C$15*$H$15)+((F$28)*$B$15*설정!$B$57)*MAX(1,ROUNDUP(($B$15*$C$15*$H$15)/설정!$B$61,0))+((F$28)*$C$15*설정!$B$57)) -> 0 | G63: =($D$15)*MIN(($B$15*$C$15*$H$15)*MAX(1,ROUNDUP(((G$28)*$B$15*설정!$B$57)/설정!$B$61,0))+((G$28)*$B$15*설정!$B$57)+((G$28)*$C$15*설정!$B$57),($B$15*$C$15*$H$15)+((G$28)*$B$15*설정!$B$57)*MAX(1,ROUNDUP(($B$15*$C$15*$H$15)/설정!$B$61,0))+((G$28)*$C$15*설정!$B$57)) -> 0 | H63: =($D$15)*MIN(($B$15*$C$15*$H$15)*MAX(1,ROUNDUP(((H$28)*$B$15*설정!$B$57)/설정!$B$61,0))+((H$28)*$B$15*설정!$B$57)+((H$28)*$C$15*설정!$B$57),($B$15*$C$15*$H$15)+((H$28)*$B$15*설정!$B$57)*MAX(1,ROUNDUP(($B$15*$C$15*$H$15)/설정!$B$61,0))+((H$28)*$C$15*설정!$B$57)) -> 0
A64: gdn.in_proj_ab 시간 (ms) | B64: =MAX(B62/$I$15,B63/설정!$B$60)*1000 -> 0 | C64: =MAX(C62/$I$15,C63/설정!$B$60)*1000 -> 0 | D64: =MAX(D62/$I$15,D63/설정!$B$60)*1000 -> 0 | E64: =MAX(E62/$I$15,E63/설정!$B$60)*1000 -> 0 | F64: =MAX(F62/$I$15,F63/설정!$B$60)*1000 -> 0 | G64: =MAX(G62/$I$15,G63/설정!$B$60)*1000 -> 0 | H64: =MAX(H62/$I$15,H63/설정!$B$60)*1000 -> 0
A65: gdn.out_proj 연산량 (ops) | B65: =($D$16)*2*(B$28)*$B$16*$C$16 -> 0 | C65: =($D$16)*2*(C$28)*$B$16*$C$16 -> 0 | D65: =($D$16)*2*(D$28)*$B$16*$C$16 -> 0 | E65: =($D$16)*2*(E$28)*$B$16*$C$16 -> 0 | F65: =($D$16)*2*(F$28)*$B$16*$C$16 -> 0 | G65: =($D$16)*2*(G$28)*$B$16*$C$16 -> 0 | H65: =($D$16)*2*(H$28)*$B$16*$C$16 -> 0
A66: gdn.out_proj DRAM 트래픽 (B) | B66: =($D$16)*MIN(($B$16*$C$16*$H$16)*MAX(1,ROUNDUP(((B$28)*$B$16*설정!$B$57)/설정!$B$61,0))+((B$28)*$B$16*설정!$B$57)+((B$28)*$C$16*설정!$B$57),($B$16*$C$16*$H$16)+((B$28)*$B$16*설정!$B$57)*MAX(1,ROUNDUP(($B$16*$C$16*$H$16)/설정!$B$61,0))+((B$28)*$C$16*설정!$B$57)) -> 0 | C66: =($D$16)*MIN(($B$16*$C$16*$H$16)*MAX(1,ROUNDUP(((C$28)*$B$16*설정!$B$57)/설정!$B$61,0))+((C$28)*$B$16*설정!$B$57)+((C$28)*$C$16*설정!$B$57),($B$16*$C$16*$H$16)+((C$28)*$B$16*설정!$B$57)*MAX(1,ROUNDUP(($B$16*$C$16*$H$16)/설정!$B$61,0))+((C$28)*$C$16*설정!$B$57)) -> 0 | D66: =($D$16)*MIN(($B$16*$C$16*$H$16)*MAX(1,ROUNDUP(((D$28)*$B$16*설정!$B$57)/설정!$B$61,0))+((D$28)*$B$16*설정!$B$57)+((D$28)*$C$16*설정!$B$57),($B$16*$C$16*$H$16)+((D$28)*$B$16*설정!$B$57)*MAX(1,ROUNDUP(($B$16*$C$16*$H$16)/설정!$B$61,0))+((D$28)*$C$16*설정!$B$57)) -> 0 | E66: =($D$16)*MIN(($B$16*$C$16*$H$16)*MAX(1,ROUNDUP(((E$28)*$B$16*설정!$B$57)/설정!$B$61,0))+((E$28)*$B$16*설정!$B$57)+((E$28)*$C$16*설정!$B$57),($B$16*$C$16*$H$16)+((E$28)*$B$16*설정!$B$57)*MAX(1,ROUNDUP(($B$16*$C$16*$H$16)/설정!$B$61,0))+((E$28)*$C$16*설정!$B$57)) -> 0 | F66: =($D$16)*MIN(($B$16*$C$16*$H$16)*MAX(1,ROUNDUP(((F$28)*$B$16*설정!$B$57)/설정!$B$61,0))+((F$28)*$B$16*설정!$B$57)+((F$28)*$C$16*설정!$B$57),($B$16*$C$16*$H$16)+((F$28)*$B$16*설정!$B$57)*MAX(1,ROUNDUP(($B$16*$C$16*$H$16)/설정!$B$61,0))+((F$28)*$C$16*설정!$B$57)) -> 0 | G66: =($D$16)*MIN(($B$16*$C$16*$H$16)*MAX(1,ROUNDUP(((G$28)*$B$16*설정!$B$57)/설정!$B$61,0))+((G$28)*$B$16*설정!$B$57)+((G$28)*$C$16*설정!$B$57),($B$16*$C$16*$H$16)+((G$28)*$B$16*설정!$B$57)*MAX(1,ROUNDUP(($B$16*$C$16*$H$16)/설정!$B$61,0))+((G$28)*$C$16*설정!$B$57)) -> 0 | H66: =($D$16)*MIN(($B$16*$C$16*$H$16)*MAX(1,ROUNDUP(((H$28)*$B$16*설정!$B$57)/설정!$B$61,0))+((H$28)*$B$16*설정!$B$57)+((H$28)*$C$16*설정!$B$57),($B$16*$C$16*$H$16)+((H$28)*$B$16*설정!$B$57)*MAX(1,ROUNDUP(($B$16*$C$16*$H$16)/설정!$B$61,0))+((H$28)*$C$16*설정!$B$57)) -> 0
A67: gdn.out_proj 시간 (ms) | B67: =MAX(B65/$I$16,B66/설정!$B$60)*1000 -> 0 | C67: =MAX(C65/$I$16,C66/설정!$B$60)*1000 -> 0 | D67: =MAX(D65/$I$16,D66/설정!$B$60)*1000 -> 0 | E67: =MAX(E65/$I$16,E66/설정!$B$60)*1000 -> 0 | F67: =MAX(F65/$I$16,F66/설정!$B$60)*1000 -> 0 | G67: =MAX(G65/$I$16,G66/설정!$B$60)*1000 -> 0 | H67: =MAX(H65/$I$16,H66/설정!$B$60)*1000 -> 0
A68: router 연산량 (ops) | B68: =($D$17)*2*(B$28)*$B$17*$C$17 -> 0 | C68: =($D$17)*2*(C$28)*$B$17*$C$17 -> 0 | D68: =($D$17)*2*(D$28)*$B$17*$C$17 -> 0 | E68: =($D$17)*2*(E$28)*$B$17*$C$17 -> 0 | F68: =($D$17)*2*(F$28)*$B$17*$C$17 -> 0 | G68: =($D$17)*2*(G$28)*$B$17*$C$17 -> 0 | H68: =($D$17)*2*(H$28)*$B$17*$C$17 -> 0
A69: router DRAM 트래픽 (B) | B69: =($D$17)*MIN(($B$17*$C$17*$H$17)*MAX(1,ROUNDUP(((B$28)*$B$17*설정!$B$57)/설정!$B$61,0))+((B$28)*$B$17*설정!$B$57)+((B$28)*$C$17*설정!$B$57),($B$17*$C$17*$H$17)+((B$28)*$B$17*설정!$B$57)*MAX(1,ROUNDUP(($B$17*$C$17*$H$17)/설정!$B$61,0))+((B$28)*$C$17*설정!$B$57)) -> 0 | C69: =($D$17)*MIN(($B$17*$C$17*$H$17)*MAX(1,ROUNDUP(((C$28)*$B$17*설정!$B$57)/설정!$B$61,0))+((C$28)*$B$17*설정!$B$57)+((C$28)*$C$17*설정!$B$57),($B$17*$C$17*$H$17)+((C$28)*$B$17*설정!$B$57)*MAX(1,ROUNDUP(($B$17*$C$17*$H$17)/설정!$B$61,0))+((C$28)*$C$17*설정!$B$57)) -> 0 | D69: =($D$17)*MIN(($B$17*$C$17*$H$17)*MAX(1,ROUNDUP(((D$28)*$B$17*설정!$B$57)/설정!$B$61,0))+((D$28)*$B$17*설정!$B$57)+((D$28)*$C$17*설정!$B$57),($B$17*$C$17*$H$17)+((D$28)*$B$17*설정!$B$57)*MAX(1,ROUNDUP(($B$17*$C$17*$H$17)/설정!$B$61,0))+((D$28)*$C$17*설정!$B$57)) -> 0 | E69: =($D$17)*MIN(($B$17*$C$17*$H$17)*MAX(1,ROUNDUP(((E$28)*$B$17*설정!$B$57)/설정!$B$61,0))+((E$28)*$B$17*설정!$B$57)+((E$28)*$C$17*설정!$B$57),($B$17*$C$17*$H$17)+((E$28)*$B$17*설정!$B$57)*MAX(1,ROUNDUP(($B$17*$C$17*$H$17)/설정!$B$61,0))+((E$28)*$C$17*설정!$B$57)) -> 0 | F69: =($D$17)*MIN(($B$17*$C$17*$H$17)*MAX(1,ROUNDUP(((F$28)*$B$17*설정!$B$57)/설정!$B$61,0))+((F$28)*$B$17*설정!$B$57)+((F$28)*$C$17*설정!$B$57),($B$17*$C$17*$H$17)+((F$28)*$B$17*설정!$B$57)*MAX(1,ROUNDUP(($B$17*$C$17*$H$17)/설정!$B$61,0))+((F$28)*$C$17*설정!$B$57)) -> 0 | G69: =($D$17)*MIN(($B$17*$C$17*$H$17)*MAX(1,ROUNDUP(((G$28)*$B$17*설정!$B$57)/설정!$B$61,0))+((G$28)*$B$17*설정!$B$57)+((G$28)*$C$17*설정!$B$57),($B$17*$C$17*$H$17)+((G$28)*$B$17*설정!$B$57)*MAX(1,ROUNDUP(($B$17*$C$17*$H$17)/설정!$B$61,0))+((G$28)*$C$17*설정!$B$57)) -> 0 | H69: =($D$17)*MIN(($B$17*$C$17*$H$17)*MAX(1,ROUNDUP(((H$28)*$B$17*설정!$B$57)/설정!$B$61,0))+((H$28)*$B$17*설정!$B$57)+((H$28)*$C$17*설정!$B$57),($B$17*$C$17*$H$17)+((H$28)*$B$17*설정!$B$57)*MAX(1,ROUNDUP(($B$17*$C$17*$H$17)/설정!$B$61,0))+((H$28)*$C$17*설정!$B$57)) -> 0
A70: router 시간 (ms) | B70: =MAX(B68/$I$17,B69/설정!$B$60)*1000 -> 0 | C70: =MAX(C68/$I$17,C69/설정!$B$60)*1000 -> 0 | D70: =MAX(D68/$I$17,D69/설정!$B$60)*1000 -> 0 | E70: =MAX(E68/$I$17,E69/설정!$B$60)*1000 -> 0 | F70: =MAX(F68/$I$17,F69/설정!$B$60)*1000 -> 0 | G70: =MAX(G68/$I$17,G69/설정!$B$60)*1000 -> 0 | H70: =MAX(H68/$I$17,H69/설정!$B$60)*1000 -> 0
A71: ffn.gate_proj 연산량 (ops) | B71: =($D$18)*2*(B$28)*$B$18*$C$18 -> 481036337152 | C71: =($D$18)*2*(C$28)*$B$18*$C$18 -> 962072674304 | D71: =($D$18)*2*(D$28)*$B$18*$C$18 -> 1924145348608 | E71: =($D$18)*2*(E$28)*$B$18*$C$18 -> 3848290697216 | F71: =($D$18)*2*(F$28)*$B$18*$C$18 -> 7696581394432 | G71: =($D$18)*2*(G$28)*$B$18*$C$18 -> 15393162788864 | H71: =($D$18)*2*(H$28)*$B$18*$C$18 -> 30786325577728
A72: ffn.gate_proj DRAM 트래픽 (B) | B72: =($D$18)*MIN(($B$18*$C$18*$H$18)*MAX(1,ROUNDUP(((B$28)*$B$18*설정!$B$57)/설정!$B$61,0))+((B$28)*$B$18*설정!$B$57)+((B$28)*$C$18*설정!$B$57),($B$18*$C$18*$H$18)+((B$28)*$B$18*설정!$B$57)*MAX(1,ROUNDUP(($B$18*$C$18*$H$18)/설정!$B$61,0))+((B$28)*$C$18*설정!$B$57)) -> 1044381696 | C72: =($D$18)*MIN(($B$18*$C$18*$H$18)*MAX(1,ROUNDUP(((C$28)*$B$18*설정!$B$57)/설정!$B$61,0))+((C$28)*$B$18*설정!$B$57)+((C$28)*$C$18*설정!$B$57),($B$18*$C$18*$H$18)+((C$28)*$B$18*설정!$B$57)*MAX(1,ROUNDUP(($B$18*$C$18*$H$18)/설정!$B$61,0))+((C$28)*$C$18*설정!$B$57)) -> 1119879168 | D72: =($D$18)*MIN(($B$18*$C$18*$H$18)*MAX(1,ROUNDUP(((D$28)*$B$18*설정!$B$57)/설정!$B$61,0))+((D$28)*$B$18*설정!$B$57)+((D$28)*$C$18*설정!$B$57),($B$18*$C$18*$H$18)+((D$28)*$B$18*설정!$B$57)*MAX(1,ROUNDUP(($B$18*$C$18*$H$18)/설정!$B$61,0))+((D$28)*$C$18*설정!$B$57)) -> 2239758336 | E72: =($D$18)*MIN(($B$18*$C$18*$H$18)*MAX(1,ROUNDUP(((E$28)*$B$18*설정!$B$57)/설정!$B$61,0))+((E$28)*$B$18*설정!$B$57)+((E$28)*$C$18*설정!$B$57),($B$18*$C$18*$H$18)+((E$28)*$B$18*설정!$B$57)*MAX(1,ROUNDUP(($B$18*$C$18*$H$18)/설정!$B$61,0))+((E$28)*$C$18*설정!$B$57)) -> 3510632448 | F72: =($D$18)*MIN(($B$18*$C$18*$H$18)*MAX(1,ROUNDUP(((F$28)*$B$18*설정!$B$57)/설정!$B$61,0))+((F$28)*$B$18*설정!$B$57)+((F$28)*$C$18*설정!$B$57),($B$18*$C$18*$H$18)+((F$28)*$B$18*설정!$B$57)*MAX(1,ROUNDUP(($B$18*$C$18*$H$18)/설정!$B$61,0))+((F$28)*$C$18*설정!$B$57)) -> 6052380672 | G72: =($D$18)*MIN(($B$18*$C$18*$H$18)*MAX(1,ROUNDUP(((G$28)*$B$18*설정!$B$57)/설정!$B$61,0))+((G$28)*$B$18*설정!$B$57)+((G$28)*$C$18*설정!$B$57),($B$18*$C$18*$H$18)+((G$28)*$B$18*설정!$B$57)*MAX(1,ROUNDUP(($B$18*$C$18*$H$18)/설정!$B$61,0))+((G$28)*$C$18*설정!$B$57)) -> 12104761344 | H72: =($D$18)*MIN(($B$18*$C$18*$H$18)*MAX(1,ROUNDUP(((H$28)*$B$18*설정!$B$57)/설정!$B$61,0))+((H$28)*$B$18*설정!$B$57)+((H$28)*$C$18*설정!$B$57),($B$18*$C$18*$H$18)+((H$28)*$B$18*설정!$B$57)*MAX(1,ROUNDUP(($B$18*$C$18*$H$18)/설정!$B$61,0))+((H$28)*$C$18*설정!$B$57)) -> 24209522688
A73: ffn.gate_proj 시간 (ms) | B73: =MAX(B71/$I$18,B72/설정!$B$60)*1000 -> 20.478072 | C73: =MAX(C71/$I$18,C72/설정!$B$60)*1000 -> 40.086361 | D73: =MAX(D71/$I$18,D72/설정!$B$60)*1000 -> 80.172723 | E73: =MAX(E71/$I$18,E72/설정!$B$60)*1000 -> 160.34545 | F73: =MAX(F71/$I$18,F72/설정!$B$60)*1000 -> 320.69089 | G73: =MAX(G71/$I$18,G72/설정!$B$60)*1000 -> 641.38178 | H73: =MAX(H71/$I$18,H72/설정!$B$60)*1000 -> 1282.7636
A74: ffn.up_proj 연산량 (ops) | B74: =($D$19)*2*(B$28)*$B$19*$C$19 -> 481036337152 | C74: =($D$19)*2*(C$28)*$B$19*$C$19 -> 962072674304 | D74: =($D$19)*2*(D$28)*$B$19*$C$19 -> 1924145348608 | E74: =($D$19)*2*(E$28)*$B$19*$C$19 -> 3848290697216 | F74: =($D$19)*2*(F$28)*$B$19*$C$19 -> 7696581394432 | G74: =($D$19)*2*(G$28)*$B$19*$C$19 -> 15393162788864 | H74: =($D$19)*2*(H$28)*$B$19*$C$19 -> 30786325577728
A75: ffn.up_proj DRAM 트래픽 (B) | B75: =($D$19)*MIN(($B$19*$C$19*$H$19)*MAX(1,ROUNDUP(((B$28)*$B$19*설정!$B$57)/설정!$B$61,0))+((B$28)*$B$19*설정!$B$57)+((B$28)*$C$19*설정!$B$57),($B$19*$C$19*$H$19)+((B$28)*$B$19*설정!$B$57)*MAX(1,ROUNDUP(($B$19*$C$19*$H$19)/설정!$B$61,0))+((B$28)*$C$19*설정!$B$57)) -> 1044381696 | C75: =($D$19)*MIN(($B$19*$C$19*$H$19)*MAX(1,ROUNDUP(((C$28)*$B$19*설정!$B$57)/설정!$B$61,0))+((C$28)*$B$19*설정!$B$57)+((C$28)*$C$19*설정!$B$57),($B$19*$C$19*$H$19)+((C$28)*$B$19*설정!$B$57)*MAX(1,ROUNDUP(($B$19*$C$19*$H$19)/설정!$B$61,0))+((C$28)*$C$19*설정!$B$57)) -> 1119879168 | D75: =($D$19)*MIN(($B$19*$C$19*$H$19)*MAX(1,ROUNDUP(((D$28)*$B$19*설정!$B$57)/설정!$B$61,0))+((D$28)*$B$19*설정!$B$57)+((D$28)*$C$19*설정!$B$57),($B$19*$C$19*$H$19)+((D$28)*$B$19*설정!$B$57)*MAX(1,ROUNDUP(($B$19*$C$19*$H$19)/설정!$B$61,0))+((D$28)*$C$19*설정!$B$57)) -> 2239758336 | E75: =($D$19)*MIN(($B$19*$C$19*$H$19)*MAX(1,ROUNDUP(((E$28)*$B$19*설정!$B$57)/설정!$B$61,0))+((E$28)*$B$19*설정!$B$57)+((E$28)*$C$19*설정!$B$57),($B$19*$C$19*$H$19)+((E$28)*$B$19*설정!$B$57)*MAX(1,ROUNDUP(($B$19*$C$19*$H$19)/설정!$B$61,0))+((E$28)*$C$19*설정!$B$57)) -> 3510632448 | F75: =($D$19)*MIN(($B$19*$C$19*$H$19)*MAX(1,ROUNDUP(((F$28)*$B$19*설정!$B$57)/설정!$B$61,0))+((F$28)*$B$19*설정!$B$57)+((F$28)*$C$19*설정!$B$57),($B$19*$C$19*$H$19)+((F$28)*$B$19*설정!$B$57)*MAX(1,ROUNDUP(($B$19*$C$19*$H$19)/설정!$B$61,0))+((F$28)*$C$19*설정!$B$57)) -> 6052380672 | G75: =($D$19)*MIN(($B$19*$C$19*$H$19)*MAX(1,ROUNDUP(((G$28)*$B$19*설정!$B$57)/설정!$B$61,0))+((G$28)*$B$19*설정!$B$57)+((G$28)*$C$19*설정!$B$57),($B$19*$C$19*$H$19)+((G$28)*$B$19*설정!$B$57)*MAX(1,ROUNDUP(($B$19*$C$19*$H$19)/설정!$B$61,0))+((G$28)*$C$19*설정!$B$57)) -> 12104761344 | H75: =($D$19)*MIN(($B$19*$C$19*$H$19)*MAX(1,ROUNDUP(((H$28)*$B$19*설정!$B$57)/설정!$B$61,0))+((H$28)*$B$19*설정!$B$57)+((H$28)*$C$19*설정!$B$57),($B$19*$C$19*$H$19)+((H$28)*$B$19*설정!$B$57)*MAX(1,ROUNDUP(($B$19*$C$19*$H$19)/설정!$B$61,0))+((H$28)*$C$19*설정!$B$57)) -> 24209522688
A76: ffn.up_proj 시간 (ms) | B76: =MAX(B74/$I$19,B75/설정!$B$60)*1000 -> 20.478072 | C76: =MAX(C74/$I$19,C75/설정!$B$60)*1000 -> 40.086361 | D76: =MAX(D74/$I$19,D75/설정!$B$60)*1000 -> 80.172723 | E76: =MAX(E74/$I$19,E75/설정!$B$60)*1000 -> 160.34545 | F76: =MAX(F74/$I$19,F75/설정!$B$60)*1000 -> 320.69089 | G76: =MAX(G74/$I$19,G75/설정!$B$60)*1000 -> 641.38178 | H76: =MAX(H74/$I$19,H75/설정!$B$60)*1000 -> 1282.7636
A77: ffn.down_proj 연산량 (ops) | B77: =($D$20)*2*(B$28)*$B$20*$C$20 -> 481036337152 | C77: =($D$20)*2*(C$28)*$B$20*$C$20 -> 962072674304 | D77: =($D$20)*2*(D$28)*$B$20*$C$20 -> 1924145348608 | E77: =($D$20)*2*(E$28)*$B$20*$C$20 -> 3848290697216 | F77: =($D$20)*2*(F$28)*$B$20*$C$20 -> 7696581394432 | G77: =($D$20)*2*(G$28)*$B$20*$C$20 -> 15393162788864 | H77: =($D$20)*2*(H$28)*$B$20*$C$20 -> 30786325577728
A78: ffn.down_proj DRAM 트래픽 (B) | B78: =($D$20)*MIN(($B$20*$C$20*$H$20)*MAX(1,ROUNDUP(((B$28)*$B$20*설정!$B$57)/설정!$B$61,0))+((B$28)*$B$20*설정!$B$57)+((B$28)*$C$20*설정!$B$57),($B$20*$C$20*$H$20)+((B$28)*$B$20*설정!$B$57)*MAX(1,ROUNDUP(($B$20*$C$20*$H$20)/설정!$B$61,0))+((B$28)*$C$20*설정!$B$57)) -> 2013265920 | C78: =($D$20)*MIN(($B$20*$C$20*$H$20)*MAX(1,ROUNDUP(((C$28)*$B$20*설정!$B$57)/설정!$B$61,0))+((C$28)*$B$20*설정!$B$57)+((C$28)*$C$20*설정!$B$57),($B$20*$C$20*$H$20)+((C$28)*$B$20*설정!$B$57)*MAX(1,ROUNDUP(($B$20*$C$20*$H$20)/설정!$B$61,0))+((C$28)*$C$20*설정!$B$57)) -> 3057647616 | D78: =($D$20)*MIN(($B$20*$C$20*$H$20)*MAX(1,ROUNDUP(((D$28)*$B$20*설정!$B$57)/설정!$B$61,0))+((D$28)*$B$20*설정!$B$57)+((D$28)*$C$20*설정!$B$57),($B$20*$C$20*$H$20)+((D$28)*$B$20*설정!$B$57)*MAX(1,ROUNDUP(($B$20*$C$20*$H$20)/설정!$B$61,0))+((D$28)*$C$20*설정!$B$57)) -> 5146411008 | E78: =($D$20)*MIN(($B$20*$C$20*$H$20)*MAX(1,ROUNDUP(((E$28)*$B$20*설정!$B$57)/설정!$B$61,0))+((E$28)*$B$20*설정!$B$57)+((E$28)*$C$20*설정!$B$57),($B$20*$C$20*$H$20)+((E$28)*$B$20*설정!$B$57)*MAX(1,ROUNDUP(($B$20*$C$20*$H$20)/설정!$B$61,0))+((E$28)*$C$20*설정!$B$57)) -> 9323937792 | F78: =($D$20)*MIN(($B$20*$C$20*$H$20)*MAX(1,ROUNDUP(((F$28)*$B$20*설정!$B$57)/설정!$B$61,0))+((F$28)*$B$20*설정!$B$57)+((F$28)*$C$20*설정!$B$57),($B$20*$C$20*$H$20)+((F$28)*$B$20*설정!$B$57)*MAX(1,ROUNDUP(($B$20*$C$20*$H$20)/설정!$B$61,0))+((F$28)*$C$20*설정!$B$57)) -> 18647875584 | G78: =($D$20)*MIN(($B$20*$C$20*$H$20)*MAX(1,ROUNDUP(((G$28)*$B$20*설정!$B$57)/설정!$B$61,0))+((G$28)*$B$20*설정!$B$57)+((G$28)*$C$20*설정!$B$57),($B$20*$C$20*$H$20)+((G$28)*$B$20*설정!$B$57)*MAX(1,ROUNDUP(($B$20*$C$20*$H$20)/설정!$B$61,0))+((G$28)*$C$20*설정!$B$57)) -> 36326866944 | H78: =($D$20)*MIN(($B$20*$C$20*$H$20)*MAX(1,ROUNDUP(((H$28)*$B$20*설정!$B$57)/설정!$B$61,0))+((H$28)*$B$20*설정!$B$57)+((H$28)*$C$20*설정!$B$57),($B$20*$C$20*$H$20)+((H$28)*$B$20*설정!$B$57)*MAX(1,ROUNDUP(($B$20*$C$20*$H$20)/설정!$B$61,0))+((H$28)*$C$20*설정!$B$57)) -> 72653733888
A79: ffn.down_proj 시간 (ms) | B79: =MAX(B77/$I$20,B78/설정!$B$60)*1000 -> 39.475802 | C79: =MAX(C77/$I$20,C78/설정!$B$60)*1000 -> 59.953875 | D79: =MAX(D77/$I$20,D78/설정!$B$60)*1000 -> 100.91002 | E79: =MAX(E77/$I$20,E78/설정!$B$60)*1000 -> 182.82231 | F79: =MAX(F77/$I$20,F78/설정!$B$60)*1000 -> 365.64462 | G79: =MAX(G77/$I$20,G78/설정!$B$60)*1000 -> 712.29151 | H79: =MAX(H77/$I$20,H78/설정!$B$60)*1000 -> 1424.583
A80: expert.gate_proj 연산량 (ops) | B80: =($D$21*B$29)*2*(B$31)*$B$21*$C$21 -> 0 | C80: =($D$21*C$29)*2*(C$31)*$B$21*$C$21 -> 0 | D80: =($D$21*D$29)*2*(D$31)*$B$21*$C$21 -> 0 | E80: =($D$21*E$29)*2*(E$31)*$B$21*$C$21 -> 0 | F80: =($D$21*F$29)*2*(F$31)*$B$21*$C$21 -> 0 | G80: =($D$21*G$29)*2*(G$31)*$B$21*$C$21 -> 0 | H80: =($D$21*H$29)*2*(H$31)*$B$21*$C$21 -> 0
A81: expert.gate_proj DRAM 트래픽 (B) | B81: =($D$21*B$29)*MIN(($B$21*$C$21*$H$21)*MAX(1,ROUNDUP(((B$31)*$B$21*설정!$B$57)/설정!$B$61,0))+((B$31)*$B$21*설정!$B$57)+((B$31)*$C$21*설정!$B$57),($B$21*$C$21*$H$21)+((B$31)*$B$21*설정!$B$57)*MAX(1,ROUNDUP(($B$21*$C$21*$H$21)/설정!$B$61,0))+((B$31)*$C$21*설정!$B$57)) -> 0 | C81: =($D$21*C$29)*MIN(($B$21*$C$21*$H$21)*MAX(1,ROUNDUP(((C$31)*$B$21*설정!$B$57)/설정!$B$61,0))+((C$31)*$B$21*설정!$B$57)+((C$31)*$C$21*설정!$B$57),($B$21*$C$21*$H$21)+((C$31)*$B$21*설정!$B$57)*MAX(1,ROUNDUP(($B$21*$C$21*$H$21)/설정!$B$61,0))+((C$31)*$C$21*설정!$B$57)) -> 0 | D81: =($D$21*D$29)*MIN(($B$21*$C$21*$H$21)*MAX(1,ROUNDUP(((D$31)*$B$21*설정!$B$57)/설정!$B$61,0))+((D$31)*$B$21*설정!$B$57)+((D$31)*$C$21*설정!$B$57),($B$21*$C$21*$H$21)+((D$31)*$B$21*설정!$B$57)*MAX(1,ROUNDUP(($B$21*$C$21*$H$21)/설정!$B$61,0))+((D$31)*$C$21*설정!$B$57)) -> 0 | E81: =($D$21*E$29)*MIN(($B$21*$C$21*$H$21)*MAX(1,ROUNDUP(((E$31)*$B$21*설정!$B$57)/설정!$B$61,0))+((E$31)*$B$21*설정!$B$57)+((E$31)*$C$21*설정!$B$57),($B$21*$C$21*$H$21)+((E$31)*$B$21*설정!$B$57)*MAX(1,ROUNDUP(($B$21*$C$21*$H$21)/설정!$B$61,0))+((E$31)*$C$21*설정!$B$57)) -> 0 | F81: =($D$21*F$29)*MIN(($B$21*$C$21*$H$21)*MAX(1,ROUNDUP(((F$31)*$B$21*설정!$B$57)/설정!$B$61,0))+((F$31)*$B$21*설정!$B$57)+((F$31)*$C$21*설정!$B$57),($B$21*$C$21*$H$21)+((F$31)*$B$21*설정!$B$57)*MAX(1,ROUNDUP(($B$21*$C$21*$H$21)/설정!$B$61,0))+((F$31)*$C$21*설정!$B$57)) -> 0 | G81: =($D$21*G$29)*MIN(($B$21*$C$21*$H$21)*MAX(1,ROUNDUP(((G$31)*$B$21*설정!$B$57)/설정!$B$61,0))+((G$31)*$B$21*설정!$B$57)+((G$31)*$C$21*설정!$B$57),($B$21*$C$21*$H$21)+((G$31)*$B$21*설정!$B$57)*MAX(1,ROUNDUP(($B$21*$C$21*$H$21)/설정!$B$61,0))+((G$31)*$C$21*설정!$B$57)) -> 0 | H81: =($D$21*H$29)*MIN(($B$21*$C$21*$H$21)*MAX(1,ROUNDUP(((H$31)*$B$21*설정!$B$57)/설정!$B$61,0))+((H$31)*$B$21*설정!$B$57)+((H$31)*$C$21*설정!$B$57),($B$21*$C$21*$H$21)+((H$31)*$B$21*설정!$B$57)*MAX(1,ROUNDUP(($B$21*$C$21*$H$21)/설정!$B$61,0))+((H$31)*$C$21*설정!$B$57)) -> 0
A82: expert.gate_proj 시간 (ms) | B82: =MAX(B80/$I$21,B81/설정!$B$60)*1000 -> 0 | C82: =MAX(C80/$I$21,C81/설정!$B$60)*1000 -> 0 | D82: =MAX(D80/$I$21,D81/설정!$B$60)*1000 -> 0 | E82: =MAX(E80/$I$21,E81/설정!$B$60)*1000 -> 0 | F82: =MAX(F80/$I$21,F81/설정!$B$60)*1000 -> 0 | G82: =MAX(G80/$I$21,G81/설정!$B$60)*1000 -> 0 | H82: =MAX(H80/$I$21,H81/설정!$B$60)*1000 -> 0
A83: expert.up_proj 연산량 (ops) | B83: =($D$22*B$29)*2*(B$31)*$B$22*$C$22 -> 0 | C83: =($D$22*C$29)*2*(C$31)*$B$22*$C$22 -> 0 | D83: =($D$22*D$29)*2*(D$31)*$B$22*$C$22 -> 0 | E83: =($D$22*E$29)*2*(E$31)*$B$22*$C$22 -> 0 | F83: =($D$22*F$29)*2*(F$31)*$B$22*$C$22 -> 0 | G83: =($D$22*G$29)*2*(G$31)*$B$22*$C$22 -> 0 | H83: =($D$22*H$29)*2*(H$31)*$B$22*$C$22 -> 0
A84: expert.up_proj DRAM 트래픽 (B) | B84: =($D$22*B$29)*MIN(($B$22*$C$22*$H$22)*MAX(1,ROUNDUP(((B$31)*$B$22*설정!$B$57)/설정!$B$61,0))+((B$31)*$B$22*설정!$B$57)+((B$31)*$C$22*설정!$B$57),($B$22*$C$22*$H$22)+((B$31)*$B$22*설정!$B$57)*MAX(1,ROUNDUP(($B$22*$C$22*$H$22)/설정!$B$61,0))+((B$31)*$C$22*설정!$B$57)) -> 0 | C84: =($D$22*C$29)*MIN(($B$22*$C$22*$H$22)*MAX(1,ROUNDUP(((C$31)*$B$22*설정!$B$57)/설정!$B$61,0))+((C$31)*$B$22*설정!$B$57)+((C$31)*$C$22*설정!$B$57),($B$22*$C$22*$H$22)+((C$31)*$B$22*설정!$B$57)*MAX(1,ROUNDUP(($B$22*$C$22*$H$22)/설정!$B$61,0))+((C$31)*$C$22*설정!$B$57)) -> 0 | D84: =($D$22*D$29)*MIN(($B$22*$C$22*$H$22)*MAX(1,ROUNDUP(((D$31)*$B$22*설정!$B$57)/설정!$B$61,0))+((D$31)*$B$22*설정!$B$57)+((D$31)*$C$22*설정!$B$57),($B$22*$C$22*$H$22)+((D$31)*$B$22*설정!$B$57)*MAX(1,ROUNDUP(($B$22*$C$22*$H$22)/설정!$B$61,0))+((D$31)*$C$22*설정!$B$57)) -> 0 | E84: =($D$22*E$29)*MIN(($B$22*$C$22*$H$22)*MAX(1,ROUNDUP(((E$31)*$B$22*설정!$B$57)/설정!$B$61,0))+((E$31)*$B$22*설정!$B$57)+((E$31)*$C$22*설정!$B$57),($B$22*$C$22*$H$22)+((E$31)*$B$22*설정!$B$57)*MAX(1,ROUNDUP(($B$22*$C$22*$H$22)/설정!$B$61,0))+((E$31)*$C$22*설정!$B$57)) -> 0 | F84: =($D$22*F$29)*MIN(($B$22*$C$22*$H$22)*MAX(1,ROUNDUP(((F$31)*$B$22*설정!$B$57)/설정!$B$61,0))+((F$31)*$B$22*설정!$B$57)+((F$31)*$C$22*설정!$B$57),($B$22*$C$22*$H$22)+((F$31)*$B$22*설정!$B$57)*MAX(1,ROUNDUP(($B$22*$C$22*$H$22)/설정!$B$61,0))+((F$31)*$C$22*설정!$B$57)) -> 0 | G84: =($D$22*G$29)*MIN(($B$22*$C$22*$H$22)*MAX(1,ROUNDUP(((G$31)*$B$22*설정!$B$57)/설정!$B$61,0))+((G$31)*$B$22*설정!$B$57)+((G$31)*$C$22*설정!$B$57),($B$22*$C$22*$H$22)+((G$31)*$B$22*설정!$B$57)*MAX(1,ROUNDUP(($B$22*$C$22*$H$22)/설정!$B$61,0))+((G$31)*$C$22*설정!$B$57)) -> 0 | H84: =($D$22*H$29)*MIN(($B$22*$C$22*$H$22)*MAX(1,ROUNDUP(((H$31)*$B$22*설정!$B$57)/설정!$B$61,0))+((H$31)*$B$22*설정!$B$57)+((H$31)*$C$22*설정!$B$57),($B$22*$C$22*$H$22)+((H$31)*$B$22*설정!$B$57)*MAX(1,ROUNDUP(($B$22*$C$22*$H$22)/설정!$B$61,0))+((H$31)*$C$22*설정!$B$57)) -> 0
A85: expert.up_proj 시간 (ms) | B85: =MAX(B83/$I$22,B84/설정!$B$60)*1000 -> 0 | C85: =MAX(C83/$I$22,C84/설정!$B$60)*1000 -> 0 | D85: =MAX(D83/$I$22,D84/설정!$B$60)*1000 -> 0 | E85: =MAX(E83/$I$22,E84/설정!$B$60)*1000 -> 0 | F85: =MAX(F83/$I$22,F84/설정!$B$60)*1000 -> 0 | G85: =MAX(G83/$I$22,G84/설정!$B$60)*1000 -> 0 | H85: =MAX(H83/$I$22,H84/설정!$B$60)*1000 -> 0
A86: expert.down_proj 연산량 (ops) | B86: =($D$23*B$29)*2*(B$31)*$B$23*$C$23 -> 0 | C86: =($D$23*C$29)*2*(C$31)*$B$23*$C$23 -> 0 | D86: =($D$23*D$29)*2*(D$31)*$B$23*$C$23 -> 0 | E86: =($D$23*E$29)*2*(E$31)*$B$23*$C$23 -> 0 | F86: =($D$23*F$29)*2*(F$31)*$B$23*$C$23 -> 0 | G86: =($D$23*G$29)*2*(G$31)*$B$23*$C$23 -> 0 | H86: =($D$23*H$29)*2*(H$31)*$B$23*$C$23 -> 0
A87: expert.down_proj DRAM 트래픽 (B) | B87: =($D$23*B$29)*MIN(($B$23*$C$23*$H$23)*MAX(1,ROUNDUP(((B$31)*$B$23*설정!$B$57)/설정!$B$61,0))+((B$31)*$B$23*설정!$B$57)+((B$31)*$C$23*설정!$B$57),($B$23*$C$23*$H$23)+((B$31)*$B$23*설정!$B$57)*MAX(1,ROUNDUP(($B$23*$C$23*$H$23)/설정!$B$61,0))+((B$31)*$C$23*설정!$B$57)) -> 0 | C87: =($D$23*C$29)*MIN(($B$23*$C$23*$H$23)*MAX(1,ROUNDUP(((C$31)*$B$23*설정!$B$57)/설정!$B$61,0))+((C$31)*$B$23*설정!$B$57)+((C$31)*$C$23*설정!$B$57),($B$23*$C$23*$H$23)+((C$31)*$B$23*설정!$B$57)*MAX(1,ROUNDUP(($B$23*$C$23*$H$23)/설정!$B$61,0))+((C$31)*$C$23*설정!$B$57)) -> 0 | D87: =($D$23*D$29)*MIN(($B$23*$C$23*$H$23)*MAX(1,ROUNDUP(((D$31)*$B$23*설정!$B$57)/설정!$B$61,0))+((D$31)*$B$23*설정!$B$57)+((D$31)*$C$23*설정!$B$57),($B$23*$C$23*$H$23)+((D$31)*$B$23*설정!$B$57)*MAX(1,ROUNDUP(($B$23*$C$23*$H$23)/설정!$B$61,0))+((D$31)*$C$23*설정!$B$57)) -> 0 | E87: =($D$23*E$29)*MIN(($B$23*$C$23*$H$23)*MAX(1,ROUNDUP(((E$31)*$B$23*설정!$B$57)/설정!$B$61,0))+((E$31)*$B$23*설정!$B$57)+((E$31)*$C$23*설정!$B$57),($B$23*$C$23*$H$23)+((E$31)*$B$23*설정!$B$57)*MAX(1,ROUNDUP(($B$23*$C$23*$H$23)/설정!$B$61,0))+((E$31)*$C$23*설정!$B$57)) -> 0 | F87: =($D$23*F$29)*MIN(($B$23*$C$23*$H$23)*MAX(1,ROUNDUP(((F$31)*$B$23*설정!$B$57)/설정!$B$61,0))+((F$31)*$B$23*설정!$B$57)+((F$31)*$C$23*설정!$B$57),($B$23*$C$23*$H$23)+((F$31)*$B$23*설정!$B$57)*MAX(1,ROUNDUP(($B$23*$C$23*$H$23)/설정!$B$61,0))+((F$31)*$C$23*설정!$B$57)) -> 0 | G87: =($D$23*G$29)*MIN(($B$23*$C$23*$H$23)*MAX(1,ROUNDUP(((G$31)*$B$23*설정!$B$57)/설정!$B$61,0))+((G$31)*$B$23*설정!$B$57)+((G$31)*$C$23*설정!$B$57),($B$23*$C$23*$H$23)+((G$31)*$B$23*설정!$B$57)*MAX(1,ROUNDUP(($B$23*$C$23*$H$23)/설정!$B$61,0))+((G$31)*$C$23*설정!$B$57)) -> 0 | H87: =($D$23*H$29)*MIN(($B$23*$C$23*$H$23)*MAX(1,ROUNDUP(((H$31)*$B$23*설정!$B$57)/설정!$B$61,0))+((H$31)*$B$23*설정!$B$57)+((H$31)*$C$23*설정!$B$57),($B$23*$C$23*$H$23)+((H$31)*$B$23*설정!$B$57)*MAX(1,ROUNDUP(($B$23*$C$23*$H$23)/설정!$B$61,0))+((H$31)*$C$23*설정!$B$57)) -> 0
A88: expert.down_proj 시간 (ms) | B88: =MAX(B86/$I$23,B87/설정!$B$60)*1000 -> 0 | C88: =MAX(C86/$I$23,C87/설정!$B$60)*1000 -> 0 | D88: =MAX(D86/$I$23,D87/설정!$B$60)*1000 -> 0 | E88: =MAX(E86/$I$23,E87/설정!$B$60)*1000 -> 0 | F88: =MAX(F86/$I$23,F87/설정!$B$60)*1000 -> 0 | G88: =MAX(G86/$I$23,G87/설정!$B$60)*1000 -> 0 | H88: =MAX(H86/$I$23,H87/설정!$B$60)*1000 -> 0
A89: lm_head 연산량 (ops) | B89: =($D$24)*2*(1)*$B$24*$C$24 -> 1050673152 | C89: =($D$24)*2*(1)*$B$24*$C$24 -> 1050673152 | D89: =($D$24)*2*(1)*$B$24*$C$24 -> 1050673152 | E89: =($D$24)*2*(1)*$B$24*$C$24 -> 1050673152 | F89: =($D$24)*2*(1)*$B$24*$C$24 -> 1050673152 | G89: =($D$24)*2*(1)*$B$24*$C$24 -> 1050673152 | H89: =($D$24)*2*(1)*$B$24*$C$24 -> 1050673152
A90: lm_head DRAM 트래픽 (B) | B90: =($D$24)*MIN(($B$24*$C$24*$H$24)*MAX(1,ROUNDUP(((1)*$B$24*설정!$B$57)/설정!$B$61,0))+((1)*$B$24*설정!$B$57)+((1)*$C$24*설정!$B$57),($B$24*$C$24*$H$24)+((1)*$B$24*설정!$B$57)*MAX(1,ROUNDUP(($B$24*$C$24*$H$24)/설정!$B$61,0))+((1)*$C$24*설정!$B$57)) -> 271009024 | C90: =($D$24)*MIN(($B$24*$C$24*$H$24)*MAX(1,ROUNDUP(((1)*$B$24*설정!$B$57)/설정!$B$61,0))+((1)*$B$24*설정!$B$57)+((1)*$C$24*설정!$B$57),($B$24*$C$24*$H$24)+((1)*$B$24*설정!$B$57)*MAX(1,ROUNDUP(($B$24*$C$24*$H$24)/설정!$B$61,0))+((1)*$C$24*설정!$B$57)) -> 271009024 | D90: =($D$24)*MIN(($B$24*$C$24*$H$24)*MAX(1,ROUNDUP(((1)*$B$24*설정!$B$57)/설정!$B$61,0))+((1)*$B$24*설정!$B$57)+((1)*$C$24*설정!$B$57),($B$24*$C$24*$H$24)+((1)*$B$24*설정!$B$57)*MAX(1,ROUNDUP(($B$24*$C$24*$H$24)/설정!$B$61,0))+((1)*$C$24*설정!$B$57)) -> 271009024 | E90: =($D$24)*MIN(($B$24*$C$24*$H$24)*MAX(1,ROUNDUP(((1)*$B$24*설정!$B$57)/설정!$B$61,0))+((1)*$B$24*설정!$B$57)+((1)*$C$24*설정!$B$57),($B$24*$C$24*$H$24)+((1)*$B$24*설정!$B$57)*MAX(1,ROUNDUP(($B$24*$C$24*$H$24)/설정!$B$61,0))+((1)*$C$24*설정!$B$57)) -> 271009024 | F90: =($D$24)*MIN(($B$24*$C$24*$H$24)*MAX(1,ROUNDUP(((1)*$B$24*설정!$B$57)/설정!$B$61,0))+((1)*$B$24*설정!$B$57)+((1)*$C$24*설정!$B$57),($B$24*$C$24*$H$24)+((1)*$B$24*설정!$B$57)*MAX(1,ROUNDUP(($B$24*$C$24*$H$24)/설정!$B$61,0))+((1)*$C$24*설정!$B$57)) -> 271009024 | G90: =($D$24)*MIN(($B$24*$C$24*$H$24)*MAX(1,ROUNDUP(((1)*$B$24*설정!$B$57)/설정!$B$61,0))+((1)*$B$24*설정!$B$57)+((1)*$C$24*설정!$B$57),($B$24*$C$24*$H$24)+((1)*$B$24*설정!$B$57)*MAX(1,ROUNDUP(($B$24*$C$24*$H$24)/설정!$B$61,0))+((1)*$C$24*설정!$B$57)) -> 271009024 | H90: =($D$24)*MIN(($B$24*$C$24*$H$24)*MAX(1,ROUNDUP(((1)*$B$24*설정!$B$57)/설정!$B$61,0))+((1)*$B$24*설정!$B$57)+((1)*$C$24*설정!$B$57),($B$24*$C$24*$H$24)+((1)*$B$24*설정!$B$57)*MAX(1,ROUNDUP(($B$24*$C$24*$H$24)/설정!$B$61,0))+((1)*$C$24*설정!$B$57)) -> 271009024
A91: lm_head 시간 (ms) | B91: =MAX(B89/$I$24,B90/설정!$B$60)*1000 -> 5.3139024 | C91: =MAX(C89/$I$24,C90/설정!$B$60)*1000 -> 5.3139024 | D91: =MAX(D89/$I$24,D90/설정!$B$60)*1000 -> 5.3139024 | E91: =MAX(E89/$I$24,E90/설정!$B$60)*1000 -> 5.3139024 | F91: =MAX(F89/$I$24,F90/설정!$B$60)*1000 -> 5.3139024 | G91: =MAX(G89/$I$24,G90/설정!$B$60)*1000 -> 5.3139024 | H91: =MAX(H89/$I$24,H90/설정!$B$60)*1000 -> 5.3139024
A92: Causal 쌍 수 (full) | B92: =B28*(B28+1)/2 -> 8256 | C92: =C28*(C28+1)/2 -> 32896 | D92: =D28*(D28+1)/2 -> 131328 | E92: =E28*(E28+1)/2 -> 524800 | F92: =F28*(F28+1)/2 -> 2098176 | G92: =G28*(G28+1)/2 -> 8390656 | H92: =H28*(H28+1)/2 -> 33558528
A93: Full 어텐션 연산량 (ops) | B93: =모델!$B$12*4*모델!$B$13*모델!$B$15*B92 -> 4328521728 | C93: =모델!$B$12*4*모델!$B$13*모델!$B$15*C92 -> 17246978048 | D93: =모델!$B$12*4*모델!$B$13*모델!$B$15*D92 -> 68853694464 | E93: =모델!$B$12*4*모델!$B$13*모델!$B$15*E92 -> 275146342400 | F93: =모델!$B$12*4*모델!$B$13*모델!$B$15*F92 -> 1100048498688 | G93: =모델!$B$12*4*모델!$B$13*모델!$B$15*G92 -> 4399120252928 | H93: =모델!$B$12*4*모델!$B$13*모델!$B$15*H92 -> 17594333528064
A94: Full 어텐션 DRAM 트래픽 (B) | B94: =모델!$B$12*(2*B28*모델!$B$13*모델!$B$15*설정!$B$57+B28*2*모델!$B$14*모델!$B$15*설정!$B$58*MAX(1,ROUNDUP(B28*(모델!$B$13/MAX(1,모델!$B$14))*모델!$B$15*설정!$B$57/설정!$B$61,0))) -> 41943040 | C94: =모델!$B$12*(2*C28*모델!$B$13*모델!$B$15*설정!$B$57+C28*2*모델!$B$14*모델!$B$15*설정!$B$58*MAX(1,ROUNDUP(C28*(모델!$B$13/MAX(1,모델!$B$14))*모델!$B$15*설정!$B$57/설정!$B$61,0))) -> 83886080 | D94: =모델!$B$12*(2*D28*모델!$B$13*모델!$B$15*설정!$B$57+D28*2*모델!$B$14*모델!$B$15*설정!$B$58*MAX(1,ROUNDUP(D28*(모델!$B$13/MAX(1,모델!$B$14))*모델!$B$15*설정!$B$57/설정!$B$61,0))) -> 167772160 | E94: =모델!$B$12*(2*E28*모델!$B$13*모델!$B$15*설정!$B$57+E28*2*모델!$B$14*모델!$B$15*설정!$B$58*MAX(1,ROUNDUP(E28*(모델!$B$13/MAX(1,모델!$B$14))*모델!$B$15*설정!$B$57/설정!$B$61,0))) -> 335544320 | F94: =모델!$B$12*(2*F28*모델!$B$13*모델!$B$15*설정!$B$57+F28*2*모델!$B$14*모델!$B$15*설정!$B$58*MAX(1,ROUNDUP(F28*(모델!$B$13/MAX(1,모델!$B$14))*모델!$B$15*설정!$B$57/설정!$B$61,0))) -> 671088640 | G94: =모델!$B$12*(2*G28*모델!$B$13*모델!$B$15*설정!$B$57+G28*2*모델!$B$14*모델!$B$15*설정!$B$58*MAX(1,ROUNDUP(G28*(모델!$B$13/MAX(1,모델!$B$14))*모델!$B$15*설정!$B$57/설정!$B$61,0))) -> 1610612736 | H94: =모델!$B$12*(2*H28*모델!$B$13*모델!$B$15*설정!$B$57+H28*2*모델!$B$14*모델!$B$15*설정!$B$58*MAX(1,ROUNDUP(H28*(모델!$B$13/MAX(1,모델!$B$14))*모델!$B$15*설정!$B$57/설정!$B$61,0))) -> 3758096384
A95: Full 어텐션 시간 (ms) | B95: =MAX(B93/설정!$B$68,B94/설정!$B$60)*1000 -> 0.82241255 | C95: =MAX(C93/설정!$B$68,C94/설정!$B$60)*1000 -> 1.6448251 | D95: =MAX(D93/설정!$B$68,D94/설정!$B$60)*1000 -> 3.2896502 | E95: =MAX(E93/설정!$B$68,E94/설정!$B$60)*1000 -> 11.464431 | F95: =MAX(F93/설정!$B$68,F94/설정!$B$60)*1000 -> 45.835354 | G95: =MAX(G93/설정!$B$68,G94/설정!$B$60)*1000 -> 183.29668 | H95: =MAX(H93/설정!$B$68,H94/설정!$B$60)*1000 -> 733.09723
A96: Causal 쌍 수 (sliding) | B96: =IF(B28<=모델!$B$20,B28*(B28+1)/2,모델!$B$20*(모델!$B$20+1)/2+(B28-모델!$B$20)*모델!$B$20) -> 0 | C96: =IF(C28<=모델!$B$20,C28*(C28+1)/2,모델!$B$20*(모델!$B$20+1)/2+(C28-모델!$B$20)*모델!$B$20) -> 0 | D96: =IF(D28<=모델!$B$20,D28*(D28+1)/2,모델!$B$20*(모델!$B$20+1)/2+(D28-모델!$B$20)*모델!$B$20) -> 0 | E96: =IF(E28<=모델!$B$20,E28*(E28+1)/2,모델!$B$20*(모델!$B$20+1)/2+(E28-모델!$B$20)*모델!$B$20) -> 0 | F96: =IF(F28<=모델!$B$20,F28*(F28+1)/2,모델!$B$20*(모델!$B$20+1)/2+(F28-모델!$B$20)*모델!$B$20) -> 0 | G96: =IF(G28<=모델!$B$20,G28*(G28+1)/2,모델!$B$20*(모델!$B$20+1)/2+(G28-모델!$B$20)*모델!$B$20) -> 0 | H96: =IF(H28<=모델!$B$20,H28*(H28+1)/2,모델!$B$20*(모델!$B$20+1)/2+(H28-모델!$B$20)*모델!$B$20) -> 0
A97: Sliding 어텐션 연산량 (ops) | B97: =모델!$B$19*4*모델!$B$21*모델!$B$23*B96 -> 0 | C97: =모델!$B$19*4*모델!$B$21*모델!$B$23*C96 -> 0 | D97: =모델!$B$19*4*모델!$B$21*모델!$B$23*D96 -> 0 | E97: =모델!$B$19*4*모델!$B$21*모델!$B$23*E96 -> 0 | F97: =모델!$B$19*4*모델!$B$21*모델!$B$23*F96 -> 0 | G97: =모델!$B$19*4*모델!$B$21*모델!$B$23*G96 -> 0 | H97: =모델!$B$19*4*모델!$B$21*모델!$B$23*H96 -> 0
A98: Sliding 어텐션 DRAM 트래픽 (B) | B98: =모델!$B$19*(2*B28*모델!$B$21*모델!$B$23*설정!$B$57+B28*2*모델!$B$22*모델!$B$23*설정!$B$58*MAX(1,ROUNDUP(MIN(B28,모델!$B$20)*(모델!$B$21/MAX(1,모델!$B$22))*모델!$B$23*설정!$B$57/설정!$B$61,0))) -> 0 | C98: =모델!$B$19*(2*C28*모델!$B$21*모델!$B$23*설정!$B$57+C28*2*모델!$B$22*모델!$B$23*설정!$B$58*MAX(1,ROUNDUP(MIN(C28,모델!$B$20)*(모델!$B$21/MAX(1,모델!$B$22))*모델!$B$23*설정!$B$57/설정!$B$61,0))) -> 0 | D98: =모델!$B$19*(2*D28*모델!$B$21*모델!$B$23*설정!$B$57+D28*2*모델!$B$22*모델!$B$23*설정!$B$58*MAX(1,ROUNDUP(MIN(D28,모델!$B$20)*(모델!$B$21/MAX(1,모델!$B$22))*모델!$B$23*설정!$B$57/설정!$B$61,0))) -> 0 | E98: =모델!$B$19*(2*E28*모델!$B$21*모델!$B$23*설정!$B$57+E28*2*모델!$B$22*모델!$B$23*설정!$B$58*MAX(1,ROUNDUP(MIN(E28,모델!$B$20)*(모델!$B$21/MAX(1,모델!$B$22))*모델!$B$23*설정!$B$57/설정!$B$61,0))) -> 0 | F98: =모델!$B$19*(2*F28*모델!$B$21*모델!$B$23*설정!$B$57+F28*2*모델!$B$22*모델!$B$23*설정!$B$58*MAX(1,ROUNDUP(MIN(F28,모델!$B$20)*(모델!$B$21/MAX(1,모델!$B$22))*모델!$B$23*설정!$B$57/설정!$B$61,0))) -> 0 | G98: =모델!$B$19*(2*G28*모델!$B$21*모델!$B$23*설정!$B$57+G28*2*모델!$B$22*모델!$B$23*설정!$B$58*MAX(1,ROUNDUP(MIN(G28,모델!$B$20)*(모델!$B$21/MAX(1,모델!$B$22))*모델!$B$23*설정!$B$57/설정!$B$61,0))) -> 0 | H98: =모델!$B$19*(2*H28*모델!$B$21*모델!$B$23*설정!$B$57+H28*2*모델!$B$22*모델!$B$23*설정!$B$58*MAX(1,ROUNDUP(MIN(H28,모델!$B$20)*(모델!$B$21/MAX(1,모델!$B$22))*모델!$B$23*설정!$B$57/설정!$B$61,0))) -> 0
A99: Sliding 어텐션 시간 (ms) | B99: =MAX(B97/설정!$B$68,B98/설정!$B$60)*1000 -> 0 | C99: =MAX(C97/설정!$B$68,C98/설정!$B$60)*1000 -> 0 | D99: =MAX(D97/설정!$B$68,D98/설정!$B$60)*1000 -> 0 | E99: =MAX(E97/설정!$B$68,E98/설정!$B$60)*1000 -> 0 | F99: =MAX(F97/설정!$B$68,F98/설정!$B$60)*1000 -> 0 | G99: =MAX(G97/설정!$B$68,G98/설정!$B$60)*1000 -> 0 | H99: =MAX(H97/설정!$B$68,H98/설정!$B$60)*1000 -> 0
A100: GDN 처리 토큰 수 (chunk 패딩) | B100: =IF(모델!$B$26>0,ROUNDUP(B28/MAX(1,모델!$B$32),0)*모델!$B$32,0) -> 0 | C100: =IF(모델!$B$26>0,ROUNDUP(C28/MAX(1,모델!$B$32),0)*모델!$B$32,0) -> 0 | D100: =IF(모델!$B$26>0,ROUNDUP(D28/MAX(1,모델!$B$32),0)*모델!$B$32,0) -> 0 | E100: =IF(모델!$B$26>0,ROUNDUP(E28/MAX(1,모델!$B$32),0)*모델!$B$32,0) -> 0 | F100: =IF(모델!$B$26>0,ROUNDUP(F28/MAX(1,모델!$B$32),0)*모델!$B$32,0) -> 0 | G100: =IF(모델!$B$26>0,ROUNDUP(G28/MAX(1,모델!$B$32),0)*모델!$B$32,0) -> 0 | H100: =IF(모델!$B$26>0,ROUNDUP(H28/MAX(1,모델!$B$32),0)*모델!$B$32,0) -> 0
A101: GDN 코어 연산량 (ops) | B101: =모델!$B$26*B100*모델!$B$29*(6*모델!$B$32*모델!$B$28+4*모델!$B$32*모델!$B$30+6*모델!$B$28*모델!$B$30) -> 0 | C101: =모델!$B$26*C100*모델!$B$29*(6*모델!$B$32*모델!$B$28+4*모델!$B$32*모델!$B$30+6*모델!$B$28*모델!$B$30) -> 0 | D101: =모델!$B$26*D100*모델!$B$29*(6*모델!$B$32*모델!$B$28+4*모델!$B$32*모델!$B$30+6*모델!$B$28*모델!$B$30) -> 0 | E101: =모델!$B$26*E100*모델!$B$29*(6*모델!$B$32*모델!$B$28+4*모델!$B$32*모델!$B$30+6*모델!$B$28*모델!$B$30) -> 0 | F101: =모델!$B$26*F100*모델!$B$29*(6*모델!$B$32*모델!$B$28+4*모델!$B$32*모델!$B$30+6*모델!$B$28*모델!$B$30) -> 0 | G101: =모델!$B$26*G100*모델!$B$29*(6*모델!$B$32*모델!$B$28+4*모델!$B$32*모델!$B$30+6*모델!$B$28*모델!$B$30) -> 0 | H101: =모델!$B$26*H100*모델!$B$29*(6*모델!$B$32*모델!$B$28+4*모델!$B$32*모델!$B$30+6*모델!$B$28*모델!$B$30) -> 0
A102: GDN 코어 DRAM 트래픽 (B) | B102: =모델!$B$26*(B28*(모델!$B$52+2*모델!$B$29)*설정!$B$57+B28*모델!$B$29*모델!$B$30*설정!$B$57+모델!$B$29*모델!$B$28*모델!$B$30*설정!$B$59) -> 0 | C102: =모델!$B$26*(C28*(모델!$B$52+2*모델!$B$29)*설정!$B$57+C28*모델!$B$29*모델!$B$30*설정!$B$57+모델!$B$29*모델!$B$28*모델!$B$30*설정!$B$59) -> 0 | D102: =모델!$B$26*(D28*(모델!$B$52+2*모델!$B$29)*설정!$B$57+D28*모델!$B$29*모델!$B$30*설정!$B$57+모델!$B$29*모델!$B$28*모델!$B$30*설정!$B$59) -> 0 | E102: =모델!$B$26*(E28*(모델!$B$52+2*모델!$B$29)*설정!$B$57+E28*모델!$B$29*모델!$B$30*설정!$B$57+모델!$B$29*모델!$B$28*모델!$B$30*설정!$B$59) -> 0 | F102: =모델!$B$26*(F28*(모델!$B$52+2*모델!$B$29)*설정!$B$57+F28*모델!$B$29*모델!$B$30*설정!$B$57+모델!$B$29*모델!$B$28*모델!$B$30*설정!$B$59) -> 0 | G102: =모델!$B$26*(G28*(모델!$B$52+2*모델!$B$29)*설정!$B$57+G28*모델!$B$29*모델!$B$30*설정!$B$57+모델!$B$29*모델!$B$28*모델!$B$30*설정!$B$59) -> 0 | H102: =모델!$B$26*(H28*(모델!$B$52+2*모델!$B$29)*설정!$B$57+H28*모델!$B$29*모델!$B$30*설정!$B$57+모델!$B$29*모델!$B$28*모델!$B$30*설정!$B$59) -> 0
...

Sheet 계산_모델2
A1: =모델!C6&" — 계산 상세" -> gpt-oss-20b — 계산 상세
A2: 모든 셀 자동 계산. 행렬마다 roofline(연산 시간과 DRAM 시간 중 큰 값)을 적용해 합산합니다. 개수가 0인 행렬은 해당 블록이 없는 모델입니다.
A4: 행렬 | B4: K (입력) | C4: N (출력) | D4: 개수 | E4: 종류 | F4: 경량화 구분 | G4: Weight bit | H4: B/param | I4: 실효 ops/s
A5: full.q_proj | B5: =모델!$C$8 -> 2880 | C5: =모델!$C$13*모델!$C$15*모델!$C$16 -> 4096 | D5: =모델!$C$12 -> 12 | E5: dense | F5: Attention | G5: =설정!$B$27 -> 4 | H5: =(설정!$B$27/8+IF(설정!$C$27=0,설정!$D$27/8/MAX(1,$B$5),설정!$D$27/8/설정!$C$27)) -> 0.515625 | I5: =설정!$B$63 -> 24000000000000
A6: full.k_proj | B6: =모델!$C$8 -> 2880 | C6: =모델!$C$14*모델!$C$15 -> 512 | D6: =모델!$C$12 -> 12 | E6: dense | F6: Attention | G6: =설정!$B$27 -> 4 | H6: =(설정!$B$27/8+IF(설정!$C$27=0,설정!$D$27/8/MAX(1,$B$6),설정!$D$27/8/설정!$C$27)) -> 0.515625 | I6: =설정!$B$63 -> 24000000000000
A7: full.v_proj | B7: =모델!$C$8 -> 2880 | C7: =모델!$C$14*모델!$C$15 -> 512 | D7: =모델!$C$12*모델!$C$17 -> 12 | E7: dense | F7: Attention | G7: =설정!$B$27 -> 4 | H7: =(설정!$B$27/8+IF(설정!$C$27=0,설정!$D$27/8/MAX(1,$B$7),설정!$D$27/8/설정!$C$27)) -> 0.515625 | I7: =설정!$B$63 -> 24000000000000
A8: full.o_proj | B8: =모델!$C$13*모델!$C$15 -> 4096 | C8: =모델!$C$8 -> 2880 | D8: =모델!$C$12 -> 12 | E8: dense | F8: Attention | G8: =설정!$B$27 -> 4 | H8: =(설정!$B$27/8+IF(설정!$C$27=0,설정!$D$27/8/MAX(1,$B$8),설정!$D$27/8/설정!$C$27)) -> 0.515625 | I8: =설정!$B$63 -> 24000000000000
A9: swa.q_proj | B9: =모델!$C$8 -> 2880 | C9: =모델!$C$21*모델!$C$23 -> 4096 | D9: =모델!$C$19 -> 12 | E9: dense | F9: Attention | G9: =설정!$B$27 -> 4 | H9: =(설정!$B$27/8+IF(설정!$C$27=0,설정!$D$27/8/MAX(1,$B$9),설정!$D$27/8/설정!$C$27)) -> 0.515625 | I9: =설정!$B$63 -> 24000000000000
A10: swa.k_proj | B10: =모델!$C$8 -> 2880 | C10: =모델!$C$22*모델!$C$23 -> 512 | D10: =모델!$C$19 -> 12 | E10: dense | F10: Attention | G10: =설정!$B$27 -> 4 | H10: =(설정!$B$27/8+IF(설정!$C$27=0,설정!$D$27/8/MAX(1,$B$10),설정!$D$27/8/설정!$C$27)) -> 0.515625 | I10: =설정!$B$63 -> 24000000000000
A11: swa.v_proj | B11: =모델!$C$8 -> 2880 | C11: =모델!$C$22*모델!$C$23 -> 512 | D11: =모델!$C$19*모델!$C$24 -> 12 | E11: dense | F11: Attention | G11: =설정!$B$27 -> 4 | H11: =(설정!$B$27/8+IF(설정!$C$27=0,설정!$D$27/8/MAX(1,$B$11),설정!$D$27/8/설정!$C$27)) -> 0.515625 | I11: =설정!$B$63 -> 24000000000000
A12: swa.o_proj | B12: =모델!$C$21*모델!$C$23 -> 4096 | C12: =모델!$C$8 -> 2880 | D12: =모델!$C$19 -> 12 | E12: dense | F12: Attention | G12: =설정!$B$27 -> 4 | H12: =(설정!$B$27/8+IF(설정!$C$27=0,설정!$D$27/8/MAX(1,$B$12),설정!$D$27/8/설정!$C$27)) -> 0.515625 | I12: =설정!$B$63 -> 24000000000000
A13: gdn.in_proj_qkv | B13: =모델!$C$8 -> 2880 | C13: =모델!$C$52 -> 0 | D13: =모델!$C$26 -> 0 | E13: dense | F13: Linear attn (GDN) | G13: =설정!$B$28 -> 4 | H13: =(설정!$B$28/8+IF(설정!$C$28=0,설정!$D$28/8/MAX(1,$B$13),설정!$D$28/8/설정!$C$28)) -> 0.515625 | I13: =설정!$B$64 -> 24000000000000
A14: gdn.in_proj_z | B14: =모델!$C$8 -> 2880 | C14: =모델!$C$29*모델!$C$30 -> 0 | D14: =모델!$C$26 -> 0 | E14: dense | F14: Linear attn (GDN) | G14: =설정!$B$28 -> 4 | H14: =(설정!$B$28/8+IF(설정!$C$28=0,설정!$D$28/8/MAX(1,$B$14),설정!$D$28/8/설정!$C$28)) -> 0.515625 | I14: =설정!$B$64 -> 24000000000000
A15: gdn.in_proj_ab | B15: =모델!$C$8 -> 2880 | C15: =2*모델!$C$29 -> 0 | D15: =모델!$C$26 -> 0 | E15: dense | F15: Linear attn (GDN) | G15: =설정!$B$28 -> 4 | H15: =(설정!$B$28/8+IF(설정!$C$28=0,설정!$D$28/8/MAX(1,$B$15),설정!$D$28/8/설정!$C$28)) -> 0.515625 | I15: =설정!$B$64 -> 24000000000000
A16: gdn.out_proj | B16: =모델!$C$29*모델!$C$30 -> 0 | C16: =모델!$C$8 -> 2880 | D16: =모델!$C$26 -> 0 | E16: dense | F16: Linear attn (GDN) | G16: =설정!$B$28 -> 4 | H16: =(설정!$B$28/8+IF(설정!$C$28=0,설정!$D$28/8/MAX(1,$B$16),설정!$D$28/8/설정!$C$28)) -> 0.515625 | I16: =설정!$B$64 -> 24000000000000
A17: router | B17: =모델!$C$8 -> 2880 | C17: =모델!$C$36 -> 32 | D17: =IF(모델!$C$36>1,모델!$C$7,0) -> 24 | E17: dense | F17: Router (MoE) | G17: =설정!$B$30 -> 8 | H17: =(설정!$B$30/8+IF(설정!$C$30=0,설정!$D$30/8/MAX(1,$B$17),설정!$D$30/8/설정!$C$30)) -> 1.015625 | I17: =설정!$B$66 -> 24000000000000
A18: ffn.gate_proj | B18: =모델!$C$8 -> 2880 | C18: =모델!$C$34 -> 0 | D18: =IF(AND(모델!$C$34>0,모델!$C$35>=3),모델!$C$7,0) -> 0 | E18: dense | F18: FFN / Expert | G18: =설정!$B$29 -> 4 | H18: =(설정!$B$29/8+IF(설정!$C$29=0,설정!$D$29/8/MAX(1,$B$18),설정!$D$29/8/설정!$C$29)) -> 0.515625 | I18: =설정!$B$65 -> 24000000000000
A19: ffn.up_proj | B19: =모델!$C$8 -> 2880 | C19: =모델!$C$34 -> 0 | D19: =IF(모델!$C$34>0,모델!$C$7,0) -> 0 | E19: dense | F19: FFN / Expert | G19: =설정!$B$29 -> 4 | H19: =(설정!$B$29/8+IF(설정!$C$29=0,설정!$D$29/8/MAX(1,$B$19),설정!$D$29/8/설정!$C$29)) -> 0.515625 | I19: =설정!$B$65 -> 24000000000000
A20: ffn.down_proj | B20: =모델!$C$34 -> 0 | C20: =모델!$C$8 -> 2880 | D20: =IF(모델!$C$34>0,모델!$C$7,0) -> 0 | E20: dense | F20: FFN / Expert | G20: =설정!$B$29 -> 4 | H20: =(설정!$B$29/8+IF(설정!$C$29=0,설정!$D$29/8/MAX(1,$B$20),설정!$D$29/8/설정!$C$29)) -> 0.515625 | I20: =설정!$B$65 -> 24000000000000
A21: expert.gate_proj | B21: =모델!$C$8 -> 2880 | C21: =모델!$C$38 -> 2880 | D21: =IF(AND(모델!$C$36>1,모델!$C$35>=3),모델!$C$7,0) -> 24 | E21: expert | F21: FFN / Expert | G21: =설정!$B$29 -> 4 | H21: =(설정!$B$29/8+IF(설정!$C$29=0,설정!$D$29/8/MAX(1,$B$21),설정!$D$29/8/설정!$C$29)) -> 0.515625 | I21: =설정!$B$65 -> 24000000000000
A22: expert.up_proj | B22: =모델!$C$8 -> 2880 | C22: =모델!$C$38 -> 2880 | D22: =IF(모델!$C$36>1,모델!$C$7,0) -> 24 | E22: expert | F22: FFN / Expert | G22: =설정!$B$29 -> 4 | H22: =(설정!$B$29/8+IF(설정!$C$29=0,설정!$D$29/8/MAX(1,$B$22),설정!$D$29/8/설정!$C$29)) -> 0.515625 | I22: =설정!$B$65 -> 24000000000000
A23: expert.down_proj | B23: =모델!$C$38 -> 2880 | C23: =모델!$C$8 -> 2880 | D23: =IF(모델!$C$36>1,모델!$C$7,0) -> 24 | E23: expert | F23: FFN / Expert | G23: =설정!$B$29 -> 4 | H23: =(설정!$B$29/8+IF(설정!$C$29=0,설정!$D$29/8/MAX(1,$B$23),설정!$D$29/8/설정!$C$29)) -> 0.515625 | I23: =설정!$B$65 -> 24000000000000
A24: lm_head | B24: =모델!$C$8 -> 2880 | C24: =모델!$C$9 -> 201088 | D24: =1 -> 1 | E24: head | F24: LM head | G24: =설정!$B$31 -> 4 | H24: =(설정!$B$31/8+IF(설정!$C$31=0,설정!$D$31/8/MAX(1,$B$24),설정!$D$31/8/설정!$C$31)) -> 0.515625 | I24: =설정!$B$67 -> 24000000000000
A25: expert 종류는 MoE에서 expert 수만큼 존재하며, 선택된 expert만 읽고 계산합니다.
A27: ① 프리필 (TTFT)
A28: 입력 길이 N | B28: =설정!$B$54 -> 128 | C28: =설정!$C$54 -> 256 | D28: =설정!$D$54 -> 512 | E28: =설정!$E$54 -> 1024 | F28: =설정!$F$54 -> 2048 | G28: =설정!$G$54 -> 4096 | H28: =설정!$H$54 -> 8192
A29: 사용되는 expert 수 (layer당 기대값) | B29: =IF(모델!$C$36>1,IF(AND(설정!$B$47="실측",ISNUMBER('Expert 실측'!$C$7)),MIN(모델!$C$36,MAX(1,'Expert 실측'!$C$7)),모델!$C$36*(1-EXP(MAX(-700,B28*LN(1-MIN(모델!$C$37/모델!$C$36,0.999999)))))),1) -> 31.999999 | C29: =IF(모델!$C$36>1,IF(AND(설정!$B$47="실측",ISNUMBER('Expert 실측'!$C$8)),MIN(모델!$C$36,MAX(1,'Expert 실측'!$C$8)),모델!$C$36*(1-EXP(MAX(-700,C28*LN(1-MIN(모델!$C$37/모델!$C$36,0.999999)))))),1) -> 32 | D29: =IF(모델!$C$36>1,IF(AND(설정!$B$47="실측",ISNUMBER('Expert 실측'!$C$9)),MIN(모델!$C$36,MAX(1,'Expert 실측'!$C$9)),모델!$C$36*(1-EXP(MAX(-700,D28*LN(1-MIN(모델!$C$37/모델!$C$36,0.999999)))))),1) -> 32 | E29: =IF(모델!$C$36>1,IF(AND(설정!$B$47="실측",ISNUMBER('Expert 실측'!$C$10)),MIN(모델!$C$36,MAX(1,'Expert 실측'!$C$10)),모델!$C$36*(1-EXP(MAX(-700,E28*LN(1-MIN(모델!$C$37/모델!$C$36,0.999999)))))),1) -> 32 | F29: =IF(모델!$C$36>1,IF(AND(설정!$B$47="실측",ISNUMBER('Expert 실측'!$C$11)),MIN(모델!$C$36,MAX(1,'Expert 실측'!$C$11)),모델!$C$36*(1-EXP(MAX(-700,F28*LN(1-MIN(모델!$C$37/모델!$C$36,0.999999)))))),1) -> 32 | G29: =IF(모델!$C$36>1,IF(AND(설정!$B$47="실측",ISNUMBER('Expert 실측'!$C$12)),MIN(모델!$C$36,MAX(1,'Expert 실측'!$C$12)),모델!$C$36*(1-EXP(MAX(-700,G28*LN(1-MIN(모델!$C$37/모델!$C$36,0.999999)))))),1) -> 32 | H29: =IF(모델!$C$36>1,IF(AND(설정!$B$47="실측",ISNUMBER('Expert 실측'!$C$13)),MIN(모델!$C$36,MAX(1,'Expert 실측'!$C$13)),모델!$C$36*(1-EXP(MAX(-700,H28*LN(1-MIN(모델!$C$37/모델!$C$36,0.999999)))))),1) -> 32
A30: expert 사용 비율 (균등 시 1−(1−k/E)^N) | B30: =IF(모델!$C$36>1,B29/모델!$C$36,1) -> 0.99999996 | C30: =IF(모델!$C$36>1,C29/모델!$C$36,1) -> 1 | D30: =IF(모델!$C$36>1,D29/모델!$C$36,1) -> 1 | E30: =IF(모델!$C$36>1,E29/모델!$C$36,1) -> 1 | F30: =IF(모델!$C$36>1,F29/모델!$C$36,1) -> 1 | G30: =IF(모델!$C$36>1,G29/모델!$C$36,1) -> 1 | H30: =IF(모델!$C$36>1,H29/모델!$C$36,1) -> 1 | I30: 균등: 토큰 하나가 특정 expert를 안 고를 확률 (1−k/E)의 N제곱. 실측 모드면 Expert 실측 시트 값
A31: expert당 토큰 수 (평균) | B31: =IF(모델!$C$36>1,B28*모델!$C$37/B29,B28) -> 16.000001 | C31: =IF(모델!$C$36>1,C28*모델!$C$37/C29,C28) -> 32 | D31: =IF(모델!$C$36>1,D28*모델!$C$37/D29,D28) -> 64 | E31: =IF(모델!$C$36>1,E28*모델!$C$37/E29,E28) -> 128 | F31: =IF(모델!$C$36>1,F28*모델!$C$37/F29,F28) -> 256 | G31: =IF(모델!$C$36>1,G28*모델!$C$37/G29,G28) -> 512 | H31: =IF(모델!$C$36>1,H28*모델!$C$37/H29,H28) -> 1024
A32: full.q_proj 연산량 (ops) | B32: =($D$5)*2*(B$28)*$B$5*$C$5 -> 36238786560 | C32: =($D$5)*2*(C$28)*$B$5*$C$5 -> 72477573120 | D32: =($D$5)*2*(D$28)*$B$5*$C$5 -> 144955146240 | E32: =($D$5)*2*(E$28)*$B$5*$C$5 -> 289910292480 | F32: =($D$5)*2*(F$28)*$B$5*$C$5 -> 579820584960 | G32: =($D$5)*2*(G$28)*$B$5*$C$5 -> 1159641169920 | H32: =($D$5)*2*(H$28)*$B$5*$C$5 -> 2319282339840
A33: full.q_proj DRAM 트래픽 (B) | B33: =($D$5)*MIN(($B$5*$C$5*$H$5)*MAX(1,ROUNDUP(((B$28)*$B$5*설정!$B$57)/설정!$B$61,0))+((B$28)*$B$5*설정!$B$57)+((B$28)*$C$5*설정!$B$57),($B$5*$C$5*$H$5)+((B$28)*$B$5*설정!$B$57)*MAX(1,ROUNDUP(($B$5*$C$5*$H$5)/설정!$B$61,0))+((B$28)*$C$5*설정!$B$57)) -> 83705856 | C33: =($D$5)*MIN(($B$5*$C$5*$H$5)*MAX(1,ROUNDUP(((C$28)*$B$5*설정!$B$57)/설정!$B$61,0))+((C$28)*$B$5*설정!$B$57)+((C$28)*$C$5*설정!$B$57),($B$5*$C$5*$H$5)+((C$28)*$B$5*설정!$B$57)*MAX(1,ROUNDUP(($B$5*$C$5*$H$5)/설정!$B$61,0))+((C$28)*$C$5*설정!$B$57)) -> 94420992 | D33: =($D$5)*MIN(($B$5*$C$5*$H$5)*MAX(1,ROUNDUP(((D$28)*$B$5*설정!$B$57)/설정!$B$61,0))+((D$28)*$B$5*설정!$B$57)+((D$28)*$C$5*설정!$B$57),($B$5*$C$5*$H$5)+((D$28)*$B$5*설정!$B$57)*MAX(1,ROUNDUP(($B$5*$C$5*$H$5)/설정!$B$61,0))+((D$28)*$C$5*설정!$B$57)) -> 115851264 | E33: =($D$5)*MIN(($B$5*$C$5*$H$5)*MAX(1,ROUNDUP(((E$28)*$B$5*설정!$B$57)/설정!$B$61,0))+((E$28)*$B$5*설정!$B$57)+((E$28)*$C$5*설정!$B$57),($B$5*$C$5*$H$5)+((E$28)*$B$5*설정!$B$57)*MAX(1,ROUNDUP(($B$5*$C$5*$H$5)/설정!$B$61,0))+((E$28)*$C$5*설정!$B$57)) -> 231702528 | F33: =($D$5)*MIN(($B$5*$C$5*$H$5)*MAX(1,ROUNDUP(((F$28)*$B$5*설정!$B$57)/설정!$B$61,0))+((F$28)*$B$5*설정!$B$57)+((F$28)*$C$5*설정!$B$57),($B$5*$C$5*$H$5)+((F$28)*$B$5*설정!$B$57)*MAX(1,ROUNDUP(($B$5*$C$5*$H$5)/설정!$B$61,0))+((F$28)*$C$5*설정!$B$57)) -> 456769536 | G33: =($D$5)*MIN(($B$5*$C$5*$H$5)*MAX(1,ROUNDUP(((G$28)*$B$5*설정!$B$57)/설정!$B$61,0))+((G$28)*$B$5*설정!$B$57)+((G$28)*$C$5*설정!$B$57),($B$5*$C$5*$H$5)+((G$28)*$B$5*설정!$B$57)*MAX(1,ROUNDUP(($B$5*$C$5*$H$5)/설정!$B$61,0))+((G$28)*$C$5*설정!$B$57)) -> 840548352 | H33: =($D$5)*MIN(($B$5*$C$5*$H$5)*MAX(1,ROUNDUP(((H$28)*$B$5*설정!$B$57)/설정!$B$61,0))+((H$28)*$B$5*설정!$B$57)+((H$28)*$C$5*설정!$B$57),($B$5*$C$5*$H$5)+((H$28)*$B$5*설정!$B$57)*MAX(1,ROUNDUP(($B$5*$C$5*$H$5)/설정!$B$61,0))+((H$28)*$C$5*설정!$B$57)) -> 1608105984
A34: full.q_proj 시간 (ms) | B34: =MAX(B32/$I$5,B33/설정!$B$60)*1000 -> 1.6412913 | C34: =MAX(C32/$I$5,C33/설정!$B$60)*1000 -> 3.0198989 | D34: =MAX(D32/$I$5,D33/설정!$B$60)*1000 -> 6.0397978 | E34: =MAX(E32/$I$5,E33/설정!$B$60)*1000 -> 12.079596 | F34: =MAX(F32/$I$5,F33/설정!$B$60)*1000 -> 24.159191 | G34: =MAX(G32/$I$5,G33/설정!$B$60)*1000 -> 48.318382 | H34: =MAX(H32/$I$5,H33/설정!$B$60)*1000 -> 96.636764
A35: full.k_proj 연산량 (ops) | B35: =($D$6)*2*(B$28)*$B$6*$C$6 -> 4529848320 | C35: =($D$6)*2*(C$28)*$B$6*$C$6 -> 9059696640 | D35: =($D$6)*2*(D$28)*$B$6*$C$6 -> 18119393280 | E35: =($D$6)*2*(E$28)*$B$6*$C$6 -> 36238786560 | F35: =($D$6)*2*(F$28)*$B$6*$C$6 -> 72477573120 | G35: =($D$6)*2*(G$28)*$B$6*$C$6 -> 144955146240 | H35: =($D$6)*2*(H$28)*$B$6*$C$6 -> 289910292480
A36: full.k_proj DRAM 트래픽 (B) | B36: =($D$6)*MIN(($B$6*$C$6*$H$6)*MAX(1,ROUNDUP(((B$28)*$B$6*설정!$B$57)/설정!$B$61,0))+((B$28)*$B$6*설정!$B$57)+((B$28)*$C$6*설정!$B$57),($B$6*$C$6*$H$6)+((B$28)*$B$6*설정!$B$57)*MAX(1,ROUNDUP(($B$6*$C$6*$H$6)/설정!$B$61,0))+((B$28)*$C$6*설정!$B$57)) -> 14333952 | C36: =($D$6)*MIN(($B$6*$C$6*$H$6)*MAX(1,ROUNDUP(((C$28)*$B$6*설정!$B$57)/설정!$B$61,0))+((C$28)*$B$6*설정!$B$57)+((C$28)*$C$6*설정!$B$57),($B$6*$C$6*$H$6)+((C$28)*$B$6*설정!$B$57)*MAX(1,ROUNDUP(($B$6*$C$6*$H$6)/설정!$B$61,0))+((C$28)*$C$6*설정!$B$57)) -> 19544064 | D36: =($D$6)*MIN(($B$6*$C$6*$H$6)*MAX(1,ROUNDUP(((D$28)*$B$6*설정!$B$57)/설정!$B$61,0))+((D$28)*$B$6*설정!$B$57)+((D$28)*$C$6*설정!$B$57),($B$6*$C$6*$H$6)+((D$28)*$B$6*설정!$B$57)*MAX(1,ROUNDUP(($B$6*$C$6*$H$6)/설정!$B$61,0))+((D$28)*$C$6*설정!$B$57)) -> 29964288 | E36: =($D$6)*MIN(($B$6*$C$6*$H$6)*MAX(1,ROUNDUP(((E$28)*$B$6*설정!$B$57)/설정!$B$61,0))+((E$28)*$B$6*설정!$B$57)+((E$28)*$C$6*설정!$B$57),($B$6*$C$6*$H$6)+((E$28)*$B$6*설정!$B$57)*MAX(1,ROUNDUP(($B$6*$C$6*$H$6)/설정!$B$61,0))+((E$28)*$C$6*설정!$B$57)) -> 50804736 | F36: =($D$6)*MIN(($B$6*$C$6*$H$6)*MAX(1,ROUNDUP(((F$28)*$B$6*설정!$B$57)/설정!$B$61,0))+((F$28)*$B$6*설정!$B$57)+((F$28)*$C$6*설정!$B$57),($B$6*$C$6*$H$6)+((F$28)*$B$6*설정!$B$57)*MAX(1,ROUNDUP(($B$6*$C$6*$H$6)/설정!$B$61,0))+((F$28)*$C$6*설정!$B$57)) -> 92485632 | G36: =($D$6)*MIN(($B$6*$C$6*$H$6)*MAX(1,ROUNDUP(((G$28)*$B$6*설정!$B$57)/설정!$B$61,0))+((G$28)*$B$6*설정!$B$57)+((G$28)*$C$6*설정!$B$57),($B$6*$C$6*$H$6)+((G$28)*$B$6*설정!$B$57)*MAX(1,ROUNDUP(($B$6*$C$6*$H$6)/설정!$B$61,0))+((G$28)*$C$6*설정!$B$57)) -> 175847424 | H36: =($D$6)*MIN(($B$6*$C$6*$H$6)*MAX(1,ROUNDUP(((H$28)*$B$6*설정!$B$57)/설정!$B$61,0))+((H$28)*$B$6*설정!$B$57)+((H$28)*$C$6*설정!$B$57),($B$6*$C$6*$H$6)+((H$28)*$B$6*설정!$B$57)*MAX(1,ROUNDUP(($B$6*$C$6*$H$6)/설정!$B$61,0))+((H$28)*$C$6*설정!$B$57)) -> 342571008
A37: full.k_proj 시간 (ms) | B37: =MAX(B35/$I$6,B36/설정!$B$60)*1000 -> 0.28105788 | C37: =MAX(C35/$I$6,C36/설정!$B$60)*1000 -> 0.38321694 | D37: =MAX(D35/$I$6,D36/설정!$B$60)*1000 -> 0.75497472 | E37: =MAX(E35/$I$6,E36/설정!$B$60)*1000 -> 1.5099494 | F37: =MAX(F35/$I$6,F36/설정!$B$60)*1000 -> 3.0198989 | G37: =MAX(G35/$I$6,G36/설정!$B$60)*1000 -> 6.0397978 | H37: =MAX(H35/$I$6,H36/설정!$B$60)*1000 -> 12.079596
A38: full.v_proj 연산량 (ops) | B38: =($D$7)*2*(B$28)*$B$7*$C$7 -> 4529848320 | C38: =($D$7)*2*(C$28)*$B$7*$C$7 -> 9059696640 | D38: =($D$7)*2*(D$28)*$B$7*$C$7 -> 18119393280 | E38: =($D$7)*2*(E$28)*$B$7*$C$7 -> 36238786560 | F38: =($D$7)*2*(F$28)*$B$7*$C$7 -> 72477573120 | G38: =($D$7)*2*(G$28)*$B$7*$C$7 -> 144955146240 | H38: =($D$7)*2*(H$28)*$B$7*$C$7 -> 289910292480
A39: full.v_proj DRAM 트래픽 (B) | B39: =($D$7)*MIN(($B$7*$C$7*$H$7)*MAX(1,ROUNDUP(((B$28)*$B$7*설정!$B$57)/설정!$B$61,0))+((B$28)*$B$7*설정!$B$57)+((B$28)*$C$7*설정!$B$57),($B$7*$C$7*$H$7)+((B$28)*$B$7*설정!$B$57)*MAX(1,ROUNDUP(($B$7*$C$7*$H$7)/설정!$B$61,0))+((B$28)*$C$7*설정!$B$57)) -> 14333952 | C39: =($D$7)*MIN(($B$7*$C$7*$H$7)*MAX(1,ROUNDUP(((C$28)*$B$7*설정!$B$57)/설정!$B$61,0))+((C$28)*$B$7*설정!$B$57)+((C$28)*$C$7*설정!$B$57),($B$7*$C$7*$H$7)+((C$28)*$B$7*설정!$B$57)*MAX(1,ROUNDUP(($B$7*$C$7*$H$7)/설정!$B$61,0))+((C$28)*$C$7*설정!$B$57)) -> 19544064 | D39: =($D$7)*MIN(($B$7*$C$7*$H$7)*MAX(1,ROUNDUP(((D$28)*$B$7*설정!$B$57)/설정!$B$61,0))+((D$28)*$B$7*설정!$B$57)+((D$28)*$C$7*설정!$B$57),($B$7*$C$7*$H$7)+((D$28)*$B$7*설정!$B$57)*MAX(1,ROUNDUP(($B$7*$C$7*$H$7)/설정!$B$61,0))+((D$28)*$C$7*설정!$B$57)) -> 29964288 | E39: =($D$7)*MIN(($B$7*$C$7*$H$7)*MAX(1,ROUNDUP(((E$28)*$B$7*설정!$B$57)/설정!$B$61,0))+((E$28)*$B$7*설정!$B$57)+((E$28)*$C$7*설정!$B$57),($B$7*$C$7*$H$7)+((E$28)*$B$7*설정!$B$57)*MAX(1,ROUNDUP(($B$7*$C$7*$H$7)/설정!$B$61,0))+((E$28)*$C$7*설정!$B$57)) -> 50804736 | F39: =($D$7)*MIN(($B$7*$C$7*$H$7)*MAX(1,ROUNDUP(((F$28)*$B$7*설정!$B$57)/설정!$B$61,0))+((F$28)*$B$7*설정!$B$57)+((F$28)*$C$7*설정!$B$57),($B$7*$C$7*$H$7)+((F$28)*$B$7*설정!$B$57)*MAX(1,ROUNDUP(($B$7*$C$7*$H$7)/설정!$B$61,0))+((F$28)*$C$7*설정!$B$57)) -> 92485632 | G39: =($D$7)*MIN(($B$7*$C$7*$H$7)*MAX(1,ROUNDUP(((G$28)*$B$7*설정!$B$57)/설정!$B$61,0))+((G$28)*$B$7*설정!$B$57)+((G$28)*$C$7*설정!$B$57),($B$7*$C$7*$H$7)+((G$28)*$B$7*설정!$B$57)*MAX(1,ROUNDUP(($B$7*$C$7*$H$7)/설정!$B$61,0))+((G$28)*$C$7*설정!$B$57)) -> 175847424 | H39: =($D$7)*MIN(($B$7*$C$7*$H$7)*MAX(1,ROUNDUP(((H$28)*$B$7*설정!$B$57)/설정!$B$61,0))+((H$28)*$B$7*설정!$B$57)+((H$28)*$C$7*설정!$B$57),($B$7*$C$7*$H$7)+((H$28)*$B$7*설정!$B$57)*MAX(1,ROUNDUP(($B$7*$C$7*$H$7)/설정!$B$61,0))+((H$28)*$C$7*설정!$B$57)) -> 342571008
A40: full.v_proj 시간 (ms) | B40: =MAX(B38/$I$7,B39/설정!$B$60)*1000 -> 0.28105788 | C40: =MAX(C38/$I$7,C39/설정!$B$60)*1000 -> 0.38321694 | D40: =MAX(D38/$I$7,D39/설정!$B$60)*1000 -> 0.75497472 | E40: =MAX(E38/$I$7,E39/설정!$B$60)*1000 -> 1.5099494 | F40: =MAX(F38/$I$7,F39/설정!$B$60)*1000 -> 3.0198989 | G40: =MAX(G38/$I$7,G39/설정!$B$60)*1000 -> 6.0397978 | H40: =MAX(H38/$I$7,H39/설정!$B$60)*1000 -> 12.079596
A41: full.o_proj 연산량 (ops) | B41: =($D$8)*2*(B$28)*$B$8*$C$8 -> 36238786560 | C41: =($D$8)*2*(C$28)*$B$8*$C$8 -> 72477573120 | D41: =($D$8)*2*(D$28)*$B$8*$C$8 -> 144955146240 | E41: =($D$8)*2*(E$28)*$B$8*$C$8 -> 289910292480 | F41: =($D$8)*2*(F$28)*$B$8*$C$8 -> 579820584960 | G41: =($D$8)*2*(G$28)*$B$8*$C$8 -> 1159641169920 | H41: =($D$8)*2*(H$28)*$B$8*$C$8 -> 2319282339840
A42: full.o_proj DRAM 트래픽 (B) | B42: =($D$8)*MIN(($B$8*$C$8*$H$8)*MAX(1,ROUNDUP(((B$28)*$B$8*설정!$B$57)/설정!$B$61,0))+((B$28)*$B$8*설정!$B$57)+((B$28)*$C$8*설정!$B$57),($B$8*$C$8*$H$8)+((B$28)*$B$8*설정!$B$57)*MAX(1,ROUNDUP(($B$8*$C$8*$H$8)/설정!$B$61,0))+((B$28)*$C$8*설정!$B$57)) -> 83705856 | C42: =($D$8)*MIN(($B$8*$C$8*$H$8)*MAX(1,ROUNDUP(((C$28)*$B$8*설정!$B$57)/설정!$B$61,0))+((C$28)*$B$8*설정!$B$57)+((C$28)*$C$8*설정!$B$57),($B$8*$C$8*$H$8)+((C$28)*$B$8*설정!$B$57)*MAX(1,ROUNDUP(($B$8*$C$8*$H$8)/설정!$B$61,0))+((C$28)*$C$8*설정!$B$57)) -> 94420992 | D42: =($D$8)*MIN(($B$8*$C$8*$H$8)*MAX(1,ROUNDUP(((D$28)*$B$8*설정!$B$57)/설정!$B$61,0))+((D$28)*$B$8*설정!$B$57)+((D$28)*$C$8*설정!$B$57),($B$8*$C$8*$H$8)+((D$28)*$B$8*설정!$B$57)*MAX(1,ROUNDUP(($B$8*$C$8*$H$8)/설정!$B$61,0))+((D$28)*$C$8*설정!$B$57)) -> 188841984 | E42: =($D$8)*MIN(($B$8*$C$8*$H$8)*MAX(1,ROUNDUP(((E$28)*$B$8*설정!$B$57)/설정!$B$61,0))+((E$28)*$B$8*설정!$B$57)+((E$28)*$C$8*설정!$B$57),($B$8*$C$8*$H$8)+((E$28)*$B$8*설정!$B$57)*MAX(1,ROUNDUP(($B$8*$C$8*$H$8)/설정!$B$61,0))+((E$28)*$C$8*설정!$B$57)) -> 304693248 | F42: =($D$8)*MIN(($B$8*$C$8*$H$8)*MAX(1,ROUNDUP(((F$28)*$B$8*설정!$B$57)/설정!$B$61,0))+((F$28)*$B$8*설정!$B$57)+((F$28)*$C$8*설정!$B$57),($B$8*$C$8*$H$8)+((F$28)*$B$8*설정!$B$57)*MAX(1,ROUNDUP(($B$8*$C$8*$H$8)/설정!$B$61,0))+((F$28)*$C$8*설정!$B$57)) -> 536395776 | G42: =($D$8)*MIN(($B$8*$C$8*$H$8)*MAX(1,ROUNDUP(((G$28)*$B$8*설정!$B$57)/설정!$B$61,0))+((G$28)*$B$8*설정!$B$57)+((G$28)*$C$8*설정!$B$57),($B$8*$C$8*$H$8)+((G$28)*$B$8*설정!$B$57)*MAX(1,ROUNDUP(($B$8*$C$8*$H$8)/설정!$B$61,0))+((G$28)*$C$8*설정!$B$57)) -> 1019854848 | H42: =($D$8)*MIN(($B$8*$C$8*$H$8)*MAX(1,ROUNDUP(((H$28)*$B$8*설정!$B$57)/설정!$B$61,0))+((H$28)*$B$8*설정!$B$57)+((H$28)*$C$8*설정!$B$57),($B$8*$C$8*$H$8)+((H$28)*$B$8*설정!$B$57)*MAX(1,ROUNDUP(($B$8*$C$8*$H$8)/설정!$B$61,0))+((H$28)*$C$8*설정!$B$57)) -> 1966718976
A43: full.o_proj 시간 (ms) | B43: =MAX(B41/$I$8,B42/설정!$B$60)*1000 -> 1.6412913 | C43: =MAX(C41/$I$8,C42/설정!$B$60)*1000 -> 3.0198989 | D43: =MAX(D41/$I$8,D42/설정!$B$60)*1000 -> 6.0397978 | E43: =MAX(E41/$I$8,E42/설정!$B$60)*1000 -> 12.079596 | F43: =MAX(F41/$I$8,F42/설정!$B$60)*1000 -> 24.159191 | G43: =MAX(G41/$I$8,G42/설정!$B$60)*1000 -> 48.318382 | H43: =MAX(H41/$I$8,H42/설정!$B$60)*1000 -> 96.636764
A44: swa.q_proj 연산량 (ops) | B44: =($D$9)*2*(B$28)*$B$9*$C$9 -> 36238786560 | C44: =($D$9)*2*(C$28)*$B$9*$C$9 -> 72477573120 | D44: =($D$9)*2*(D$28)*$B$9*$C$9 -> 144955146240 | E44: =($D$9)*2*(E$28)*$B$9*$C$9 -> 289910292480 | F44: =($D$9)*2*(F$28)*$B$9*$C$9 -> 579820584960 | G44: =($D$9)*2*(G$28)*$B$9*$C$9 -> 1159641169920 | H44: =($D$9)*2*(H$28)*$B$9*$C$9 -> 2319282339840
A45: swa.q_proj DRAM 트래픽 (B) | B45: =($D$9)*MIN(($B$9*$C$9*$H$9)*MAX(1,ROUNDUP(((B$28)*$B$9*설정!$B$57)/설정!$B$61,0))+((B$28)*$B$9*설정!$B$57)+((B$28)*$C$9*설정!$B$57),($B$9*$C$9*$H$9)+((B$28)*$B$9*설정!$B$57)*MAX(1,ROUNDUP(($B$9*$C$9*$H$9)/설정!$B$61,0))+((B$28)*$C$9*설정!$B$57)) -> 83705856 | C45: =($D$9)*MIN(($B$9*$C$9*$H$9)*MAX(1,ROUNDUP(((C$28)*$B$9*설정!$B$57)/설정!$B$61,0))+((C$28)*$B$9*설정!$B$57)+((C$28)*$C$9*설정!$B$57),($B$9*$C$9*$H$9)+((C$28)*$B$9*설정!$B$57)*MAX(1,ROUNDUP(($B$9*$C$9*$H$9)/설정!$B$61,0))+((C$28)*$C$9*설정!$B$57)) -> 94420992 | D45: =($D$9)*MIN(($B$9*$C$9*$H$9)*MAX(1,ROUNDUP(((D$28)*$B$9*설정!$B$57)/설정!$B$61,0))+((D$28)*$B$9*설정!$B$57)+((D$28)*$C$9*설정!$B$57),($B$9*$C$9*$H$9)+((D$28)*$B$9*설정!$B$57)*MAX(1,ROUNDUP(($B$9*$C$9*$H$9)/설정!$B$61,0))+((D$28)*$C$9*설정!$B$57)) -> 115851264 | E45: =($D$9)*MIN(($B$9*$C$9*$H$9)*MAX(1,ROUNDUP(((E$28)*$B$9*설정!$B$57)/설정!$B$61,0))+((E$28)*$B$9*설정!$B$57)+((E$28)*$C$9*설정!$B$57),($B$9*$C$9*$H$9)+((E$28)*$B$9*설정!$B$57)*MAX(1,ROUNDUP(($B$9*$C$9*$H$9)/설정!$B$61,0))+((E$28)*$C$9*설정!$B$57)) -> 231702528 | F45: =($D$9)*MIN(($B$9*$C$9*$H$9)*MAX(1,ROUNDUP(((F$28)*$B$9*설정!$B$57)/설정!$B$61,0))+((F$28)*$B$9*설정!$B$57)+((F$28)*$C$9*설정!$B$57),($B$9*$C$9*$H$9)+((F$28)*$B$9*설정!$B$57)*MAX(1,ROUNDUP(($B$9*$C$9*$H$9)/설정!$B$61,0))+((F$28)*$C$9*설정!$B$57)) -> 456769536 | G45: =($D$9)*MIN(($B$9*$C$9*$H$9)*MAX(1,ROUNDUP(((G$28)*$B$9*설정!$B$57)/설정!$B$61,0))+((G$28)*$B$9*설정!$B$57)+((G$28)*$C$9*설정!$B$57),($B$9*$C$9*$H$9)+((G$28)*$B$9*설정!$B$57)*MAX(1,ROUNDUP(($B$9*$C$9*$H$9)/설정!$B$61,0))+((G$28)*$C$9*설정!$B$57)) -> 840548352 | H45: =($D$9)*MIN(($B$9*$C$9*$H$9)*MAX(1,ROUNDUP(((H$28)*$B$9*설정!$B$57)/설정!$B$61,0))+((H$28)*$B$9*설정!$B$57)+((H$28)*$C$9*설정!$B$57),($B$9*$C$9*$H$9)+((H$28)*$B$9*설정!$B$57)*MAX(1,ROUNDUP(($B$9*$C$9*$H$9)/설정!$B$61,0))+((H$28)*$C$9*설정!$B$57)) -> 1608105984
A46: swa.q_proj 시간 (ms) | B46: =MAX(B44/$I$9,B45/설정!$B$60)*1000 -> 1.6412913 | C46: =MAX(C44/$I$9,C45/설정!$B$60)*1000 -> 3.0198989 | D46: =MAX(D44/$I$9,D45/설정!$B$60)*1000 -> 6.0397978 | E46: =MAX(E44/$I$9,E45/설정!$B$60)*1000 -> 12.079596 | F46: =MAX(F44/$I$9,F45/설정!$B$60)*1000 -> 24.159191 | G46: =MAX(G44/$I$9,G45/설정!$B$60)*1000 -> 48.318382 | H46: =MAX(H44/$I$9,H45/설정!$B$60)*1000 -> 96.636764
A47: swa.k_proj 연산량 (ops) | B47: =($D$10)*2*(B$28)*$B$10*$C$10 -> 4529848320 | C47: =($D$10)*2*(C$28)*$B$10*$C$10 -> 9059696640 | D47: =($D$10)*2*(D$28)*$B$10*$C$10 -> 18119393280 | E47: =($D$10)*2*(E$28)*$B$10*$C$10 -> 36238786560 | F47: =($D$10)*2*(F$28)*$B$10*$C$10 -> 72477573120 | G47: =($D$10)*2*(G$28)*$B$10*$C$10 -> 144955146240 | H47: =($D$10)*2*(H$28)*$B$10*$C$10 -> 289910292480
A48: swa.k_proj DRAM 트래픽 (B) | B48: =($D$10)*MIN(($B$10*$C$10*$H$10)*MAX(1,ROUNDUP(((B$28)*$B$10*설정!$B$57)/설정!$B$61,0))+((B$28)*$B$10*설정!$B$57)+((B$28)*$C$10*설정!$B$57),($B$10*$C$10*$H$10)+((B$28)*$B$10*설정!$B$57)*MAX(1,ROUNDUP(($B$10*$C$10*$H$10)/설정!$B$61,0))+((B$28)*$C$10*설정!$B$57)) -> 14333952 | C48: =($D$10)*MIN(($B$10*$C$10*$H$10)*MAX(1,ROUNDUP(((C$28)*$B$10*설정!$B$57)/설정!$B$61,0))+((C$28)*$B$10*설정!$B$57)+((C$28)*$C$10*설정!$B$57),($B$10*$C$10*$H$10)+((C$28)*$B$10*설정!$B$57)*MAX(1,ROUNDUP(($B$10*$C$10*$H$10)/설정!$B$61,0))+((C$28)*$C$10*설정!$B$57)) -> 19544064 | D48: =($D$10)*MIN(($B$10*$C$10*$H$10)*MAX(1,ROUNDUP(((D$28)*$B$10*설정!$B$57)/설정!$B$61,0))+((D$28)*$B$10*설정!$B$57)+((D$28)*$C$10*설정!$B$57),($B$10*$C$10*$H$10)+((D$28)*$B$10*설정!$B$57)*MAX(1,ROUNDUP(($B$10*$C$10*$H$10)/설정!$B$61,0))+((D$28)*$C$10*설정!$B$57)) -> 29964288 | E48: =($D$10)*MIN(($B$10*$C$10*$H$10)*MAX(1,ROUNDUP(((E$28)*$B$10*설정!$B$57)/설정!$B$61,0))+((E$28)*$B$10*설정!$B$57)+((E$28)*$C$10*설정!$B$57),($B$10*$C$10*$H$10)+((E$28)*$B$10*설정!$B$57)*MAX(1,ROUNDUP(($B$10*$C$10*$H$10)/설정!$B$61,0))+((E$28)*$C$10*설정!$B$57)) -> 50804736 | F48: =($D$10)*MIN(($B$10*$C$10*$H$10)*MAX(1,ROUNDUP(((F$28)*$B$10*설정!$B$57)/설정!$B$61,0))+((F$28)*$B$10*설정!$B$57)+((F$28)*$C$10*설정!$B$57),($B$10*$C$10*$H$10)+((F$28)*$B$10*설정!$B$57)*MAX(1,ROUNDUP(($B$10*$C$10*$H$10)/설정!$B$61,0))+((F$28)*$C$10*설정!$B$57)) -> 92485632 | G48: =($D$10)*MIN(($B$10*$C$10*$H$10)*MAX(1,ROUNDUP(((G$28)*$B$10*설정!$B$57)/설정!$B$61,0))+((G$28)*$B$10*설정!$B$57)+((G$28)*$C$10*설정!$B$57),($B$10*$C$10*$H$10)+((G$28)*$B$10*설정!$B$57)*MAX(1,ROUNDUP(($B$10*$C$10*$H$10)/설정!$B$61,0))+((G$28)*$C$10*설정!$B$57)) -> 175847424 | H48: =($D$10)*MIN(($B$10*$C$10*$H$10)*MAX(1,ROUNDUP(((H$28)*$B$10*설정!$B$57)/설정!$B$61,0))+((H$28)*$B$10*설정!$B$57)+((H$28)*$C$10*설정!$B$57),($B$10*$C$10*$H$10)+((H$28)*$B$10*설정!$B$57)*MAX(1,ROUNDUP(($B$10*$C$10*$H$10)/설정!$B$61,0))+((H$28)*$C$10*설정!$B$57)) -> 342571008
A49: swa.k_proj 시간 (ms) | B49: =MAX(B47/$I$10,B48/설정!$B$60)*1000 -> 0.28105788 | C49: =MAX(C47/$I$10,C48/설정!$B$60)*1000 -> 0.38321694 | D49: =MAX(D47/$I$10,D48/설정!$B$60)*1000 -> 0.75497472 | E49: =MAX(E47/$I$10,E48/설정!$B$60)*1000 -> 1.5099494 | F49: =MAX(F47/$I$10,F48/설정!$B$60)*1000 -> 3.0198989 | G49: =MAX(G47/$I$10,G48/설정!$B$60)*1000 -> 6.0397978 | H49: =MAX(H47/$I$10,H48/설정!$B$60)*1000 -> 12.079596
A50: swa.v_proj 연산량 (ops) | B50: =($D$11)*2*(B$28)*$B$11*$C$11 -> 4529848320 | C50: =($D$11)*2*(C$28)*$B$11*$C$11 -> 9059696640 | D50: =($D$11)*2*(D$28)*$B$11*$C$11 -> 18119393280 | E50: =($D$11)*2*(E$28)*$B$11*$C$11 -> 36238786560 | F50: =($D$11)*2*(F$28)*$B$11*$C$11 -> 72477573120 | G50: =($D$11)*2*(G$28)*$B$11*$C$11 -> 144955146240 | H50: =($D$11)*2*(H$28)*$B$11*$C$11 -> 289910292480
A51: swa.v_proj DRAM 트래픽 (B) | B51: =($D$11)*MIN(($B$11*$C$11*$H$11)*MAX(1,ROUNDUP(((B$28)*$B$11*설정!$B$57)/설정!$B$61,0))+((B$28)*$B$11*설정!$B$57)+((B$28)*$C$11*설정!$B$57),($B$11*$C$11*$H$11)+((B$28)*$B$11*설정!$B$57)*MAX(1,ROUNDUP(($B$11*$C$11*$H$11)/설정!$B$61,0))+((B$28)*$C$11*설정!$B$57)) -> 14333952 | C51: =($D$11)*MIN(($B$11*$C$11*$H$11)*MAX(1,ROUNDUP(((C$28)*$B$11*설정!$B$57)/설정!$B$61,0))+((C$28)*$B$11*설정!$B$57)+((C$28)*$C$11*설정!$B$57),($B$11*$C$11*$H$11)+((C$28)*$B$11*설정!$B$57)*MAX(1,ROUNDUP(($B$11*$C$11*$H$11)/설정!$B$61,0))+((C$28)*$C$11*설정!$B$57)) -> 19544064 | D51: =($D$11)*MIN(($B$11*$C$11*$H$11)*MAX(1,ROUNDUP(((D$28)*$B$11*설정!$B$57)/설정!$B$61,0))+((D$28)*$B$11*설정!$B$57)+((D$28)*$C$11*설정!$B$57),($B$11*$C$11*$H$11)+((D$28)*$B$11*설정!$B$57)*MAX(1,ROUNDUP(($B$11*$C$11*$H$11)/설정!$B$61,0))+((D$28)*$C$11*설정!$B$57)) -> 29964288 | E51: =($D$11)*MIN(($B$11*$C$11*$H$11)*MAX(1,ROUNDUP(((E$28)*$B$11*설정!$B$57)/설정!$B$61,0))+((E$28)*$B$11*설정!$B$57)+((E$28)*$C$11*설정!$B$57),($B$11*$C$11*$H$11)+((E$28)*$B$11*설정!$B$57)*MAX(1,ROUNDUP(($B$11*$C$11*$H$11)/설정!$B$61,0))+((E$28)*$C$11*설정!$B$57)) -> 50804736 | F51: =($D$11)*MIN(($B$11*$C$11*$H$11)*MAX(1,ROUNDUP(((F$28)*$B$11*설정!$B$57)/설정!$B$61,0))+((F$28)*$B$11*설정!$B$57)+((F$28)*$C$11*설정!$B$57),($B$11*$C$11*$H$11)+((F$28)*$B$11*설정!$B$57)*MAX(1,ROUNDUP(($B$11*$C$11*$H$11)/설정!$B$61,0))+((F$28)*$C$11*설정!$B$57)) -> 92485632 | G51: =($D$11)*MIN(($B$11*$C$11*$H$11)*MAX(1,ROUNDUP(((G$28)*$B$11*설정!$B$57)/설정!$B$61,0))+((G$28)*$B$11*설정!$B$57)+((G$28)*$C$11*설정!$B$57),($B$11*$C$11*$H$11)+((G$28)*$B$11*설정!$B$57)*MAX(1,ROUNDUP(($B$11*$C$11*$H$11)/설정!$B$61,0))+((G$28)*$C$11*설정!$B$57)) -> 175847424 | H51: =($D$11)*MIN(($B$11*$C$11*$H$11)*MAX(1,ROUNDUP(((H$28)*$B$11*설정!$B$57)/설정!$B$61,0))+((H$28)*$B$11*설정!$B$57)+((H$28)*$C$11*설정!$B$57),($B$11*$C$11*$H$11)+((H$28)*$B$11*설정!$B$57)*MAX(1,ROUNDUP(($B$11*$C$11*$H$11)/설정!$B$61,0))+((H$28)*$C$11*설정!$B$57)) -> 342571008
A52: swa.v_proj 시간 (ms) | B52: =MAX(B50/$I$11,B51/설정!$B$60)*1000 -> 0.28105788 | C52: =MAX(C50/$I$11,C51/설정!$B$60)*1000 -> 0.38321694 | D52: =MAX(D50/$I$11,D51/설정!$B$60)*1000 -> 0.75497472 | E52: =MAX(E50/$I$11,E51/설정!$B$60)*1000 -> 1.5099494 | F52: =MAX(F50/$I$11,F51/설정!$B$60)*1000 -> 3.0198989 | G52: =MAX(G50/$I$11,G51/설정!$B$60)*1000 -> 6.0397978 | H52: =MAX(H50/$I$11,H51/설정!$B$60)*1000 -> 12.079596
A53: swa.o_proj 연산량 (ops) | B53: =($D$12)*2*(B$28)*$B$12*$C$12 -> 36238786560 | C53: =($D$12)*2*(C$28)*$B$12*$C$12 -> 72477573120 | D53: =($D$12)*2*(D$28)*$B$12*$C$12 -> 144955146240 | E53: =($D$12)*2*(E$28)*$B$12*$C$12 -> 289910292480 | F53: =($D$12)*2*(F$28)*$B$12*$C$12 -> 579820584960 | G53: =($D$12)*2*(G$28)*$B$12*$C$12 -> 1159641169920 | H53: =($D$12)*2*(H$28)*$B$12*$C$12 -> 2319282339840
A54: swa.o_proj DRAM 트래픽 (B) | B54: =($D$12)*MIN(($B$12*$C$12*$H$12)*MAX(1,ROUNDUP(((B$28)*$B$12*설정!$B$57)/설정!$B$61,0))+((B$28)*$B$12*설정!$B$57)+((B$28)*$C$12*설정!$B$57),($B$12*$C$12*$H$12)+((B$28)*$B$12*설정!$B$57)*MAX(1,ROUNDUP(($B$12*$C$12*$H$12)/설정!$B$61,0))+((B$28)*$C$12*설정!$B$57)) -> 83705856 | C54: =($D$12)*MIN(($B$12*$C$12*$H$12)*MAX(1,ROUNDUP(((C$28)*$B$12*설정!$B$57)/설정!$B$61,0))+((C$28)*$B$12*설정!$B$57)+((C$28)*$C$12*설정!$B$57),($B$12*$C$12*$H$12)+((C$28)*$B$12*설정!$B$57)*MAX(1,ROUNDUP(($B$12*$C$12*$H$12)/설정!$B$61,0))+((C$28)*$C$12*설정!$B$57)) -> 94420992 | D54: =($D$12)*MIN(($B$12*$C$12*$H$12)*MAX(1,ROUNDUP(((D$28)*$B$12*설정!$B$57)/설정!$B$61,0))+((D$28)*$B$12*설정!$B$57)+((D$28)*$C$12*설정!$B$57),($B$12*$C$12*$H$12)+((D$28)*$B$12*설정!$B$57)*MAX(1,ROUNDUP(($B$12*$C$12*$H$12)/설정!$B$61,0))+((D$28)*$C$12*설정!$B$57)) -> 188841984 | E54: =($D$12)*MIN(($B$12*$C$12*$H$12)*MAX(1,ROUNDUP(((E$28)*$B$12*설정!$B$57)/설정!$B$61,0))+((E$28)*$B$12*설정!$B$57)+((E$28)*$C$12*설정!$B$57),($B$12*$C$12*$H$12)+((E$28)*$B$12*설정!$B$57)*MAX(1,ROUNDUP(($B$12*$C$12*$H$12)/설정!$B$61,0))+((E$28)*$C$12*설정!$B$57)) -> 304693248 | F54: =($D$12)*MIN(($B$12*$C$12*$H$12)*MAX(1,ROUNDUP(((F$28)*$B$12*설정!$B$57)/설정!$B$61,0))+((F$28)*$B$12*설정!$B$57)+((F$28)*$C$12*설정!$B$57),($B$12*$C$12*$H$12)+((F$28)*$B$12*설정!$B$57)*MAX(1,ROUNDUP(($B$12*$C$12*$H$12)/설정!$B$61,0))+((F$28)*$C$12*설정!$B$57)) -> 536395776 | G54: =($D$12)*MIN(($B$12*$C$12*$H$12)*MAX(1,ROUNDUP(((G$28)*$B$12*설정!$B$57)/설정!$B$61,0))+((G$28)*$B$12*설정!$B$57)+((G$28)*$C$12*설정!$B$57),($B$12*$C$12*$H$12)+((G$28)*$B$12*설정!$B$57)*MAX(1,ROUNDUP(($B$12*$C$12*$H$12)/설정!$B$61,0))+((G$28)*$C$12*설정!$B$57)) -> 1019854848 | H54: =($D$12)*MIN(($B$12*$C$12*$H$12)*MAX(1,ROUNDUP(((H$28)*$B$12*설정!$B$57)/설정!$B$61,0))+((H$28)*$B$12*설정!$B$57)+((H$28)*$C$12*설정!$B$57),($B$12*$C$12*$H$12)+((H$28)*$B$12*설정!$B$57)*MAX(1,ROUNDUP(($B$12*$C$12*$H$12)/설정!$B$61,0))+((H$28)*$C$12*설정!$B$57)) -> 1966718976
A55: swa.o_proj 시간 (ms) | B55: =MAX(B53/$I$12,B54/설정!$B$60)*1000 -> 1.6412913 | C55: =MAX(C53/$I$12,C54/설정!$B$60)*1000 -> 3.0198989 | D55: =MAX(D53/$I$12,D54/설정!$B$60)*1000 -> 6.0397978 | E55: =MAX(E53/$I$12,E54/설정!$B$60)*1000 -> 12.079596 | F55: =MAX(F53/$I$12,F54/설정!$B$60)*1000 -> 24.159191 | G55: =MAX(G53/$I$12,G54/설정!$B$60)*1000 -> 48.318382 | H55: =MAX(H53/$I$12,H54/설정!$B$60)*1000 -> 96.636764
A56: gdn.in_proj_qkv 연산량 (ops) | B56: =($D$13)*2*(B$28)*$B$13*$C$13 -> 0 | C56: =($D$13)*2*(C$28)*$B$13*$C$13 -> 0 | D56: =($D$13)*2*(D$28)*$B$13*$C$13 -> 0 | E56: =($D$13)*2*(E$28)*$B$13*$C$13 -> 0 | F56: =($D$13)*2*(F$28)*$B$13*$C$13 -> 0 | G56: =($D$13)*2*(G$28)*$B$13*$C$13 -> 0 | H56: =($D$13)*2*(H$28)*$B$13*$C$13 -> 0
A57: gdn.in_proj_qkv DRAM 트래픽 (B) | B57: =($D$13)*MIN(($B$13*$C$13*$H$13)*MAX(1,ROUNDUP(((B$28)*$B$13*설정!$B$57)/설정!$B$61,0))+((B$28)*$B$13*설정!$B$57)+((B$28)*$C$13*설정!$B$57),($B$13*$C$13*$H$13)+((B$28)*$B$13*설정!$B$57)*MAX(1,ROUNDUP(($B$13*$C$13*$H$13)/설정!$B$61,0))+((B$28)*$C$13*설정!$B$57)) -> 0 | C57: =($D$13)*MIN(($B$13*$C$13*$H$13)*MAX(1,ROUNDUP(((C$28)*$B$13*설정!$B$57)/설정!$B$61,0))+((C$28)*$B$13*설정!$B$57)+((C$28)*$C$13*설정!$B$57),($B$13*$C$13*$H$13)+((C$28)*$B$13*설정!$B$57)*MAX(1,ROUNDUP(($B$13*$C$13*$H$13)/설정!$B$61,0))+((C$28)*$C$13*설정!$B$57)) -> 0 | D57: =($D$13)*MIN(($B$13*$C$13*$H$13)*MAX(1,ROUNDUP(((D$28)*$B$13*설정!$B$57)/설정!$B$61,0))+((D$28)*$B$13*설정!$B$57)+((D$28)*$C$13*설정!$B$57),($B$13*$C$13*$H$13)+((D$28)*$B$13*설정!$B$57)*MAX(1,ROUNDUP(($B$13*$C$13*$H$13)/설정!$B$61,0))+((D$28)*$C$13*설정!$B$57)) -> 0 | E57: =($D$13)*MIN(($B$13*$C$13*$H$13)*MAX(1,ROUNDUP(((E$28)*$B$13*설정!$B$57)/설정!$B$61,0))+((E$28)*$B$13*설정!$B$57)+((E$28)*$C$13*설정!$B$57),($B$13*$C$13*$H$13)+((E$28)*$B$13*설정!$B$57)*MAX(1,ROUNDUP(($B$13*$C$13*$H$13)/설정!$B$61,0))+((E$28)*$C$13*설정!$B$57)) -> 0 | F57: =($D$13)*MIN(($B$13*$C$13*$H$13)*MAX(1,ROUNDUP(((F$28)*$B$13*설정!$B$57)/설정!$B$61,0))+((F$28)*$B$13*설정!$B$57)+((F$28)*$C$13*설정!$B$57),($B$13*$C$13*$H$13)+((F$28)*$B$13*설정!$B$57)*MAX(1,ROUNDUP(($B$13*$C$13*$H$13)/설정!$B$61,0))+((F$28)*$C$13*설정!$B$57)) -> 0 | G57: =($D$13)*MIN(($B$13*$C$13*$H$13)*MAX(1,ROUNDUP(((G$28)*$B$13*설정!$B$57)/설정!$B$61,0))+((G$28)*$B$13*설정!$B$57)+((G$28)*$C$13*설정!$B$57),($B$13*$C$13*$H$13)+((G$28)*$B$13*설정!$B$57)*MAX(1,ROUNDUP(($B$13*$C$13*$H$13)/설정!$B$61,0))+((G$28)*$C$13*설정!$B$57)) -> 0 | H57: =($D$13)*MIN(($B$13*$C$13*$H$13)*MAX(1,ROUNDUP(((H$28)*$B$13*설정!$B$57)/설정!$B$61,0))+((H$28)*$B$13*설정!$B$57)+((H$28)*$C$13*설정!$B$57),($B$13*$C$13*$H$13)+((H$28)*$B$13*설정!$B$57)*MAX(1,ROUNDUP(($B$13*$C$13*$H$13)/설정!$B$61,0))+((H$28)*$C$13*설정!$B$57)) -> 0
A58: gdn.in_proj_qkv 시간 (ms) | B58: =MAX(B56/$I$13,B57/설정!$B$60)*1000 -> 0 | C58: =MAX(C56/$I$13,C57/설정!$B$60)*1000 -> 0 | D58: =MAX(D56/$I$13,D57/설정!$B$60)*1000 -> 0 | E58: =MAX(E56/$I$13,E57/설정!$B$60)*1000 -> 0 | F58: =MAX(F56/$I$13,F57/설정!$B$60)*1000 -> 0 | G58: =MAX(G56/$I$13,G57/설정!$B$60)*1000 -> 0 | H58: =MAX(H56/$I$13,H57/설정!$B$60)*1000 -> 0
A59: gdn.in_proj_z 연산량 (ops) | B59: =($D$14)*2*(B$28)*$B$14*$C$14 -> 0 | C59: =($D$14)*2*(C$28)*$B$14*$C$14 -> 0 | D59: =($D$14)*2*(D$28)*$B$14*$C$14 -> 0 | E59: =($D$14)*2*(E$28)*$B$14*$C$14 -> 0 | F59: =($D$14)*2*(F$28)*$B$14*$C$14 -> 0 | G59: =($D$14)*2*(G$28)*$B$14*$C$14 -> 0 | H59: =($D$14)*2*(H$28)*$B$14*$C$14 -> 0
A60: gdn.in_proj_z DRAM 트래픽 (B) | B60: =($D$14)*MIN(($B$14*$C$14*$H$14)*MAX(1,ROUNDUP(((B$28)*$B$14*설정!$B$57)/설정!$B$61,0))+((B$28)*$B$14*설정!$B$57)+((B$28)*$C$14*설정!$B$57),($B$14*$C$14*$H$14)+((B$28)*$B$14*설정!$B$57)*MAX(1,ROUNDUP(($B$14*$C$14*$H$14)/설정!$B$61,0))+((B$28)*$C$14*설정!$B$57)) -> 0 | C60: =($D$14)*MIN(($B$14*$C$14*$H$14)*MAX(1,ROUNDUP(((C$28)*$B$14*설정!$B$57)/설정!$B$61,0))+((C$28)*$B$14*설정!$B$57)+((C$28)*$C$14*설정!$B$57),($B$14*$C$14*$H$14)+((C$28)*$B$14*설정!$B$57)*MAX(1,ROUNDUP(($B$14*$C$14*$H$14)/설정!$B$61,0))+((C$28)*$C$14*설정!$B$57)) -> 0 | D60: =($D$14)*MIN(($B$14*$C$14*$H$14)*MAX(1,ROUNDUP(((D$28)*$B$14*설정!$B$57)/설정!$B$61,0))+((D$28)*$B$14*설정!$B$57)+((D$28)*$C$14*설정!$B$57),($B$14*$C$14*$H$14)+((D$28)*$B$14*설정!$B$57)*MAX(1,ROUNDUP(($B$14*$C$14*$H$14)/설정!$B$61,0))+((D$28)*$C$14*설정!$B$57)) -> 0 | E60: =($D$14)*MIN(($B$14*$C$14*$H$14)*MAX(1,ROUNDUP(((E$28)*$B$14*설정!$B$57)/설정!$B$61,0))+((E$28)*$B$14*설정!$B$57)+((E$28)*$C$14*설정!$B$57),($B$14*$C$14*$H$14)+((E$28)*$B$14*설정!$B$57)*MAX(1,ROUNDUP(($B$14*$C$14*$H$14)/설정!$B$61,0))+((E$28)*$C$14*설정!$B$57)) -> 0 | F60: =($D$14)*MIN(($B$14*$C$14*$H$14)*MAX(1,ROUNDUP(((F$28)*$B$14*설정!$B$57)/설정!$B$61,0))+((F$28)*$B$14*설정!$B$57)+((F$28)*$C$14*설정!$B$57),($B$14*$C$14*$H$14)+((F$28)*$B$14*설정!$B$57)*MAX(1,ROUNDUP(($B$14*$C$14*$H$14)/설정!$B$61,0))+((F$28)*$C$14*설정!$B$57)) -> 0 | G60: =($D$14)*MIN(($B$14*$C$14*$H$14)*MAX(1,ROUNDUP(((G$28)*$B$14*설정!$B$57)/설정!$B$61,0))+((G$28)*$B$14*설정!$B$57)+((G$28)*$C$14*설정!$B$57),($B$14*$C$14*$H$14)+((G$28)*$B$14*설정!$B$57)*MAX(1,ROUNDUP(($B$14*$C$14*$H$14)/설정!$B$61,0))+((G$28)*$C$14*설정!$B$57)) -> 0 | H60: =($D$14)*MIN(($B$14*$C$14*$H$14)*MAX(1,ROUNDUP(((H$28)*$B$14*설정!$B$57)/설정!$B$61,0))+((H$28)*$B$14*설정!$B$57)+((H$28)*$C$14*설정!$B$57),($B$14*$C$14*$H$14)+((H$28)*$B$14*설정!$B$57)*MAX(1,ROUNDUP(($B$14*$C$14*$H$14)/설정!$B$61,0))+((H$28)*$C$14*설정!$B$57)) -> 0
A61: gdn.in_proj_z 시간 (ms) | B61: =MAX(B59/$I$14,B60/설정!$B$60)*1000 -> 0 | C61: =MAX(C59/$I$14,C60/설정!$B$60)*1000 -> 0 | D61: =MAX(D59/$I$14,D60/설정!$B$60)*1000 -> 0 | E61: =MAX(E59/$I$14,E60/설정!$B$60)*1000 -> 0 | F61: =MAX(F59/$I$14,F60/설정!$B$60)*1000 -> 0 | G61: =MAX(G59/$I$14,G60/설정!$B$60)*1000 -> 0 | H61: =MAX(H59/$I$14,H60/설정!$B$60)*1000 -> 0
A62: gdn.in_proj_ab 연산량 (ops) | B62: =($D$15)*2*(B$28)*$B$15*$C$15 -> 0 | C62: =($D$15)*2*(C$28)*$B$15*$C$15 -> 0 | D62: =($D$15)*2*(D$28)*$B$15*$C$15 -> 0 | E62: =($D$15)*2*(E$28)*$B$15*$C$15 -> 0 | F62: =($D$15)*2*(F$28)*$B$15*$C$15 -> 0 | G62: =($D$15)*2*(G$28)*$B$15*$C$15 -> 0 | H62: =($D$15)*2*(H$28)*$B$15*$C$15 -> 0
A63: gdn.in_proj_ab DRAM 트래픽 (B) | B63: =($D$15)*MIN(($B$15*$C$15*$H$15)*MAX(1,ROUNDUP(((B$28)*$B$15*설정!$B$57)/설정!$B$61,0))+((B$28)*$B$15*설정!$B$57)+((B$28)*$C$15*설정!$B$57),($B$15*$C$15*$H$15)+((B$28)*$B$15*설정!$B$57)*MAX(1,ROUNDUP(($B$15*$C$15*$H$15)/설정!$B$61,0))+((B$28)*$C$15*설정!$B$57)) -> 0 | C63: =($D$15)*MIN(($B$15*$C$15*$H$15)*MAX(1,ROUNDUP(((C$28)*$B$15*설정!$B$57)/설정!$B$61,0))+((C$28)*$B$15*설정!$B$57)+((C$28)*$C$15*설정!$B$57),($B$15*$C$15*$H$15)+((C$28)*$B$15*설정!$B$57)*MAX(1,ROUNDUP(($B$15*$C$15*$H$15)/설정!$B$61,0))+((C$28)*$C$15*설정!$B$57)) -> 0 | D63: =($D$15)*MIN(($B$15*$C$15*$H$15)*MAX(1,ROUNDUP(((D$28)*$B$15*설정!$B$57)/설정!$B$61,0))+((D$28)*$B$15*설정!$B$57)+((D$28)*$C$15*설정!$B$57),($B$15*$C$15*$H$15)+((D$28)*$B$15*설정!$B$57)*MAX(1,ROUNDUP(($B$15*$C$15*$H$15)/설정!$B$61,0))+((D$28)*$C$15*설정!$B$57)) -> 0 | E63: =($D$15)*MIN(($B$15*$C$15*$H$15)*MAX(1,ROUNDUP(((E$28)*$B$15*설정!$B$57)/설정!$B$61,0))+((E$28)*$B$15*설정!$B$57)+((E$28)*$C$15*설정!$B$57),($B$15*$C$15*$H$15)+((E$28)*$B$15*설정!$B$57)*MAX(1,ROUNDUP(($B$15*$C$15*$H$15)/설정!$B$61,0))+((E$28)*$C$15*설정!$B$57)) -> 0 | F63: =($D$15)*MIN(($B$15*$C$15*$H$15)*MAX(1,ROUNDUP(((F$28)*$B$15*설정!$B$57)/설정!$B$61,0))+((F$28)*$B$15*설정!$B$57)+((F$28)*$C$15*설정!$B$57),($B$15*$C$15*$H$15)+((F$28)*$B$15*설정!$B$57)*MAX(1,ROUNDUP(($B$15*$C$15*$H$15)/설정!$B$61,0))+((F$28)*$C$15*설정!$B$57)) -> 0 | G63: =($D$15)*MIN(($B$15*$C$15*$H$15)*MAX(1,ROUNDUP(((G$28)*$B$15*설정!$B$57)/설정!$B$61,0))+((G$28)*$B$15*설정!$B$57)+((G$28)*$C$15*설정!$B$57),($B$15*$C$15*$H$15)+((G$28)*$B$15*설정!$B$57)*MAX(1,ROUNDUP(($B$15*$C$15*$H$15)/설정!$B$61,0))+((G$28)*$C$15*설정!$B$57)) -> 0 | H63: =($D$15)*MIN(($B$15*$C$15*$H$15)*MAX(1,ROUNDUP(((H$28)*$B$15*설정!$B$57)/설정!$B$61,0))+((H$28)*$B$15*설정!$B$57)+((H$28)*$C$15*설정!$B$57),($B$15*$C$15*$H$15)+((H$28)*$B$15*설정!$B$57)*MAX(1,ROUNDUP(($B$15*$C$15*$H$15)/설정!$B$61,0))+((H$28)*$C$15*설정!$B$57)) -> 0
A64: gdn.in_proj_ab 시간 (ms) | B64: =MAX(B62/$I$15,B63/설정!$B$60)*1000 -> 0 | C64: =MAX(C62/$I$15,C63/설정!$B$60)*1000 -> 0 | D64: =MAX(D62/$I$15,D63/설정!$B$60)*1000 -> 0 | E64: =MAX(E62/$I$15,E63/설정!$B$60)*1000 -> 0 | F64: =MAX(F62/$I$15,F63/설정!$B$60)*1000 -> 0 | G64: =MAX(G62/$I$15,G63/설정!$B$60)*1000 -> 0 | H64: =MAX(H62/$I$15,H63/설정!$B$60)*1000 -> 0
A65: gdn.out_proj 연산량 (ops) | B65: =($D$16)*2*(B$28)*$B$16*$C$16 -> 0 | C65: =($D$16)*2*(C$28)*$B$16*$C$16 -> 0 | D65: =($D$16)*2*(D$28)*$B$16*$C$16 -> 0 | E65: =($D$16)*2*(E$28)*$B$16*$C$16 -> 0 | F65: =($D$16)*2*(F$28)*$B$16*$C$16 -> 0 | G65: =($D$16)*2*(G$28)*$B$16*$C$16 -> 0 | H65: =($D$16)*2*(H$28)*$B$16*$C$16 -> 0
A66: gdn.out_proj DRAM 트래픽 (B) | B66: =($D$16)*MIN(($B$16*$C$16*$H$16)*MAX(1,ROUNDUP(((B$28)*$B$16*설정!$B$57)/설정!$B$61,0))+((B$28)*$B$16*설정!$B$57)+((B$28)*$C$16*설정!$B$57),($B$16*$C$16*$H$16)+((B$28)*$B$16*설정!$B$57)*MAX(1,ROUNDUP(($B$16*$C$16*$H$16)/설정!$B$61,0))+((B$28)*$C$16*설정!$B$57)) -> 0 | C66: =($D$16)*MIN(($B$16*$C$16*$H$16)*MAX(1,ROUNDUP(((C$28)*$B$16*설정!$B$57)/설정!$B$61,0))+((C$28)*$B$16*설정!$B$57)+((C$28)*$C$16*설정!$B$57),($B$16*$C$16*$H$16)+((C$28)*$B$16*설정!$B$57)*MAX(1,ROUNDUP(($B$16*$C$16*$H$16)/설정!$B$61,0))+((C$28)*$C$16*설정!$B$57)) -> 0 | D66: =($D$16)*MIN(($B$16*$C$16*$H$16)*MAX(1,ROUNDUP(((D$28)*$B$16*설정!$B$57)/설정!$B$61,0))+((D$28)*$B$16*설정!$B$57)+((D$28)*$C$16*설정!$B$57),($B$16*$C$16*$H$16)+((D$28)*$B$16*설정!$B$57)*MAX(1,ROUNDUP(($B$16*$C$16*$H$16)/설정!$B$61,0))+((D$28)*$C$16*설정!$B$57)) -> 0 | E66: =($D$16)*MIN(($B$16*$C$16*$H$16)*MAX(1,ROUNDUP(((E$28)*$B$16*설정!$B$57)/설정!$B$61,0))+((E$28)*$B$16*설정!$B$57)+((E$28)*$C$16*설정!$B$57),($B$16*$C$16*$H$16)+((E$28)*$B$16*설정!$B$57)*MAX(1,ROUNDUP(($B$16*$C$16*$H$16)/설정!$B$61,0))+((E$28)*$C$16*설정!$B$57)) -> 0 | F66: =($D$16)*MIN(($B$16*$C$16*$H$16)*MAX(1,ROUNDUP(((F$28)*$B$16*설정!$B$57)/설정!$B$61,0))+((F$28)*$B$16*설정!$B$57)+((F$28)*$C$16*설정!$B$57),($B$16*$C$16*$H$16)+((F$28)*$B$16*설정!$B$57)*MAX(1,ROUNDUP(($B$16*$C$16*$H$16)/설정!$B$61,0))+((F$28)*$C$16*설정!$B$57)) -> 0 | G66: =($D$16)*MIN(($B$16*$C$16*$H$16)*MAX(1,ROUNDUP(((G$28)*$B$16*설정!$B$57)/설정!$B$61,0))+((G$28)*$B$16*설정!$B$57)+((G$28)*$C$16*설정!$B$57),($B$16*$C$16*$H$16)+((G$28)*$B$16*설정!$B$57)*MAX(1,ROUNDUP(($B$16*$C$16*$H$16)/설정!$B$61,0))+((G$28)*$C$16*설정!$B$57)) -> 0 | H66: =($D$16)*MIN(($B$16*$C$16*$H$16)*MAX(1,ROUNDUP(((H$28)*$B$16*설정!$B$57)/설정!$B$61,0))+((H$28)*$B$16*설정!$B$57)+((H$28)*$C$16*설정!$B$57),($B$16*$C$16*$H$16)+((H$28)*$B$16*설정!$B$57)*MAX(1,ROUNDUP(($B$16*$C$16*$H$16)/설정!$B$61,0))+((H$28)*$C$16*설정!$B$57)) -> 0
A67: gdn.out_proj 시간 (ms) | B67: =MAX(B65/$I$16,B66/설정!$B$60)*1000 -> 0 | C67: =MAX(C65/$I$16,C66/설정!$B$60)*1000 -> 0 | D67: =MAX(D65/$I$16,D66/설정!$B$60)*1000 -> 0 | E67: =MAX(E65/$I$16,E66/설정!$B$60)*1000 -> 0 | F67: =MAX(F65/$I$16,F66/설정!$B$60)*1000 -> 0 | G67: =MAX(G65/$I$16,G66/설정!$B$60)*1000 -> 0 | H67: =MAX(H65/$I$16,H66/설정!$B$60)*1000 -> 0
A68: router 연산량 (ops) | B68: =($D$17)*2*(B$28)*$B$17*$C$17 -> 566231040 | C68: =($D$17)*2*(C$28)*$B$17*$C$17 -> 1132462080 | D68: =($D$17)*2*(D$28)*$B$17*$C$17 -> 2264924160 | E68: =($D$17)*2*(E$28)*$B$17*$C$17 -> 4529848320 | F68: =($D$17)*2*(F$28)*$B$17*$C$17 -> 9059696640 | G68: =($D$17)*2*(G$28)*$B$17*$C$17 -> 18119393280 | H68: =($D$17)*2*(H$28)*$B$17*$C$17 -> 36238786560
A69: router DRAM 트래픽 (B) | B69: =($D$17)*MIN(($B$17*$C$17*$H$17)*MAX(1,ROUNDUP(((B$28)*$B$17*설정!$B$57)/설정!$B$61,0))+((B$28)*$B$17*설정!$B$57)+((B$28)*$C$17*설정!$B$57),($B$17*$C$17*$H$17)+((B$28)*$B$17*설정!$B$57)*MAX(1,ROUNDUP(($B$17*$C$17*$H$17)/설정!$B$61,0))+((B$28)*$C$17*설정!$B$57)) -> 11192064 | C69: =($D$17)*MIN(($B$17*$C$17*$H$17)*MAX(1,ROUNDUP(((C$28)*$B$17*설정!$B$57)/설정!$B$61,0))+((C$28)*$B$17*설정!$B$57)+((C$28)*$C$17*설정!$B$57),($B$17*$C$17*$H$17)+((C$28)*$B$17*설정!$B$57)*MAX(1,ROUNDUP(($B$17*$C$17*$H$17)/설정!$B$61,0))+((C$28)*$C$17*설정!$B$57)) -> 20137728 | D69: =($D$17)*MIN(($B$17*$C$17*$H$17)*MAX(1,ROUNDUP(((D$28)*$B$17*설정!$B$57)/설정!$B$61,0))+((D$28)*$B$17*설정!$B$57)+((D$28)*$C$17*설정!$B$57),($B$17*$C$17*$H$17)+((D$28)*$B$17*설정!$B$57)*MAX(1,ROUNDUP(($B$17*$C$17*$H$17)/설정!$B$61,0))+((D$28)*$C$17*설정!$B$57)) -> 38029056 | E69: =($D$17)*MIN(($B$17*$C$17*$H$17)*MAX(1,ROUNDUP(((E$28)*$B$17*설정!$B$57)/설정!$B$61,0))+((E$28)*$B$17*설정!$B$57)+((E$28)*$C$17*설정!$B$57),($B$17*$C$17*$H$17)+((E$28)*$B$17*설정!$B$57)*MAX(1,ROUNDUP(($B$17*$C$17*$H$17)/설정!$B$61,0))+((E$28)*$C$17*설정!$B$57)) -> 73811712 | F69: =($D$17)*MIN(($B$17*$C$17*$H$17)*MAX(1,ROUNDUP(((F$28)*$B$17*설정!$B$57)/설정!$B$61,0))+((F$28)*$B$17*설정!$B$57)+((F$28)*$C$17*설정!$B$57),($B$17*$C$17*$H$17)+((F$28)*$B$17*설정!$B$57)*MAX(1,ROUNDUP(($B$17*$C$17*$H$17)/설정!$B$61,0))+((F$28)*$C$17*설정!$B$57)) -> 145377024 | G69: =($D$17)*MIN(($B$17*$C$17*$H$17)*MAX(1,ROUNDUP(((G$28)*$B$17*설정!$B$57)/설정!$B$61,0))+((G$28)*$B$17*설정!$B$57)+((G$28)*$C$17*설정!$B$57),($B$17*$C$17*$H$17)+((G$28)*$B$17*설정!$B$57)*MAX(1,ROUNDUP(($B$17*$C$17*$H$17)/설정!$B$61,0))+((G$28)*$C$17*설정!$B$57)) -> 288507648 | H69: =($D$17)*MIN(($B$17*$C$17*$H$17)*MAX(1,ROUNDUP(((H$28)*$B$17*설정!$B$57)/설정!$B$61,0))+((H$28)*$B$17*설정!$B$57)+((H$28)*$C$17*설정!$B$57),($B$17*$C$17*$H$17)+((H$28)*$B$17*설정!$B$57)*MAX(1,ROUNDUP(($B$17*$C$17*$H$17)/설정!$B$61,0))+((H$28)*$C$17*설정!$B$57)) -> 574768896
A70: router 시간 (ms) | B70: =MAX(B68/$I$17,B69/설정!$B$60)*1000 -> 0.21945224 | C70: =MAX(C68/$I$17,C69/설정!$B$60)*1000 -> 0.39485741 | D70: =MAX(D68/$I$17,D69/설정!$B$60)*1000 -> 0.74566776 | E70: =MAX(E68/$I$17,E69/설정!$B$60)*1000 -> 1.4472885 | F70: =MAX(F68/$I$17,F69/설정!$B$60)*1000 -> 2.8505299 | G70: =MAX(G68/$I$17,G69/설정!$B$60)*1000 -> 5.6570127 | H70: =MAX(H68/$I$17,H69/설정!$B$60)*1000 -> 11.269978
A71: ffn.gate_proj 연산량 (ops) | B71: =($D$18)*2*(B$28)*$B$18*$C$18 -> 0 | C71: =($D$18)*2*(C$28)*$B$18*$C$18 -> 0 | D71: =($D$18)*2*(D$28)*$B$18*$C$18 -> 0 | E71: =($D$18)*2*(E$28)*$B$18*$C$18 -> 0 | F71: =($D$18)*2*(F$28)*$B$18*$C$18 -> 0 | G71: =($D$18)*2*(G$28)*$B$18*$C$18 -> 0 | H71: =($D$18)*2*(H$28)*$B$18*$C$18 -> 0
A72: ffn.gate_proj DRAM 트래픽 (B) | B72: =($D$18)*MIN(($B$18*$C$18*$H$18)*MAX(1,ROUNDUP(((B$28)*$B$18*설정!$B$57)/설정!$B$61,0))+((B$28)*$B$18*설정!$B$57)+((B$28)*$C$18*설정!$B$57),($B$18*$C$18*$H$18)+((B$28)*$B$18*설정!$B$57)*MAX(1,ROUNDUP(($B$18*$C$18*$H$18)/설정!$B$61,0))+((B$28)*$C$18*설정!$B$57)) -> 0 | C72: =($D$18)*MIN(($B$18*$C$18*$H$18)*MAX(1,ROUNDUP(((C$28)*$B$18*설정!$B$57)/설정!$B$61,0))+((C$28)*$B$18*설정!$B$57)+((C$28)*$C$18*설정!$B$57),($B$18*$C$18*$H$18)+((C$28)*$B$18*설정!$B$57)*MAX(1,ROUNDUP(($B$18*$C$18*$H$18)/설정!$B$61,0))+((C$28)*$C$18*설정!$B$57)) -> 0 | D72: =($D$18)*MIN(($B$18*$C$18*$H$18)*MAX(1,ROUNDUP(((D$28)*$B$18*설정!$B$57)/설정!$B$61,0))+((D$28)*$B$18*설정!$B$57)+((D$28)*$C$18*설정!$B$57),($B$18*$C$18*$H$18)+((D$28)*$B$18*설정!$B$57)*MAX(1,ROUNDUP(($B$18*$C$18*$H$18)/설정!$B$61,0))+((D$28)*$C$18*설정!$B$57)) -> 0 | E72: =($D$18)*MIN(($B$18*$C$18*$H$18)*MAX(1,ROUNDUP(((E$28)*$B$18*설정!$B$57)/설정!$B$61,0))+((E$28)*$B$18*설정!$B$57)+((E$28)*$C$18*설정!$B$57),($B$18*$C$18*$H$18)+((E$28)*$B$18*설정!$B$57)*MAX(1,ROUNDUP(($B$18*$C$18*$H$18)/설정!$B$61,0))+((E$28)*$C$18*설정!$B$57)) -> 0 | F72: =($D$18)*MIN(($B$18*$C$18*$H$18)*MAX(1,ROUNDUP(((F$28)*$B$18*설정!$B$57)/설정!$B$61,0))+((F$28)*$B$18*설정!$B$57)+((F$28)*$C$18*설정!$B$57),($B$18*$C$18*$H$18)+((F$28)*$B$18*설정!$B$57)*MAX(1,ROUNDUP(($B$18*$C$18*$H$18)/설정!$B$61,0))+((F$28)*$C$18*설정!$B$57)) -> 0 | G72: =($D$18)*MIN(($B$18*$C$18*$H$18)*MAX(1,ROUNDUP(((G$28)*$B$18*설정!$B$57)/설정!$B$61,0))+((G$28)*$B$18*설정!$B$57)+((G$28)*$C$18*설정!$B$57),($B$18*$C$18*$H$18)+((G$28)*$B$18*설정!$B$57)*MAX(1,ROUNDUP(($B$18*$C$18*$H$18)/설정!$B$61,0))+((G$28)*$C$18*설정!$B$57)) -> 0 | H72: =($D$18)*MIN(($B$18*$C$18*$H$18)*MAX(1,ROUNDUP(((H$28)*$B$18*설정!$B$57)/설정!$B$61,0))+((H$28)*$B$18*설정!$B$57)+((H$28)*$C$18*설정!$B$57),($B$18*$C$18*$H$18)+((H$28)*$B$18*설정!$B$57)*MAX(1,ROUNDUP(($B$18*$C$18*$H$18)/설정!$B$61,0))+((H$28)*$C$18*설정!$B$57)) -> 0
A73: ffn.gate_proj 시간 (ms) | B73: =MAX(B71/$I$18,B72/설정!$B$60)*1000 -> 0 | C73: =MAX(C71/$I$18,C72/설정!$B$60)*1000 -> 0 | D73: =MAX(D71/$I$18,D72/설정!$B$60)*1000 -> 0 | E73: =MAX(E71/$I$18,E72/설정!$B$60)*1000 -> 0 | F73: =MAX(F71/$I$18,F72/설정!$B$60)*1000 -> 0 | G73: =MAX(G71/$I$18,G72/설정!$B$60)*1000 -> 0 | H73: =MAX(H71/$I$18,H72/설정!$B$60)*1000 -> 0
A74: ffn.up_proj 연산량 (ops) | B74: =($D$19)*2*(B$28)*$B$19*$C$19 -> 0 | C74: =($D$19)*2*(C$28)*$B$19*$C$19 -> 0 | D74: =($D$19)*2*(D$28)*$B$19*$C$19 -> 0 | E74: =($D$19)*2*(E$28)*$B$19*$C$19 -> 0 | F74: =($D$19)*2*(F$28)*$B$19*$C$19 -> 0 | G74: =($D$19)*2*(G$28)*$B$19*$C$19 -> 0 | H74: =($D$19)*2*(H$28)*$B$19*$C$19 -> 0
A75: ffn.up_proj DRAM 트래픽 (B) | B75: =($D$19)*MIN(($B$19*$C$19*$H$19)*MAX(1,ROUNDUP(((B$28)*$B$19*설정!$B$57)/설정!$B$61,0))+((B$28)*$B$19*설정!$B$57)+((B$28)*$C$19*설정!$B$57),($B$19*$C$19*$H$19)+((B$28)*$B$19*설정!$B$57)*MAX(1,ROUNDUP(($B$19*$C$19*$H$19)/설정!$B$61,0))+((B$28)*$C$19*설정!$B$57)) -> 0 | C75: =($D$19)*MIN(($B$19*$C$19*$H$19)*MAX(1,ROUNDUP(((C$28)*$B$19*설정!$B$57)/설정!$B$61,0))+((C$28)*$B$19*설정!$B$57)+((C$28)*$C$19*설정!$B$57),($B$19*$C$19*$H$19)+((C$28)*$B$19*설정!$B$57)*MAX(1,ROUNDUP(($B$19*$C$19*$H$19)/설정!$B$61,0))+((C$28)*$C$19*설정!$B$57)) -> 0 | D75: =($D$19)*MIN(($B$19*$C$19*$H$19)*MAX(1,ROUNDUP(((D$28)*$B$19*설정!$B$57)/설정!$B$61,0))+((D$28)*$B$19*설정!$B$57)+((D$28)*$C$19*설정!$B$57),($B$19*$C$19*$H$19)+((D$28)*$B$19*설정!$B$57)*MAX(1,ROUNDUP(($B$19*$C$19*$H$19)/설정!$B$61,0))+((D$28)*$C$19*설정!$B$57)) -> 0 | E75: =($D$19)*MIN(($B$19*$C$19*$H$19)*MAX(1,ROUNDUP(((E$28)*$B$19*설정!$B$57)/설정!$B$61,0))+((E$28)*$B$19*설정!$B$57)+((E$28)*$C$19*설정!$B$57),($B$19*$C$19*$H$19)+((E$28)*$B$19*설정!$B$57)*MAX(1,ROUNDUP(($B$19*$C$19*$H$19)/설정!$B$61,0))+((E$28)*$C$19*설정!$B$57)) -> 0 | F75: =($D$19)*MIN(($B$19*$C$19*$H$19)*MAX(1,ROUNDUP(((F$28)*$B$19*설정!$B$57)/설정!$B$61,0))+((F$28)*$B$19*설정!$B$57)+((F$28)*$C$19*설정!$B$57),($B$19*$C$19*$H$19)+((F$28)*$B$19*설정!$B$57)*MAX(1,ROUNDUP(($B$19*$C$19*$H$19)/설정!$B$61,0))+((F$28)*$C$19*설정!$B$57)) -> 0 | G75: =($D$19)*MIN(($B$19*$C$19*$H$19)*MAX(1,ROUNDUP(((G$28)*$B$19*설정!$B$57)/설정!$B$61,0))+((G$28)*$B$19*설정!$B$57)+((G$28)*$C$19*설정!$B$57),($B$19*$C$19*$H$19)+((G$28)*$B$19*설정!$B$57)*MAX(1,ROUNDUP(($B$19*$C$19*$H$19)/설정!$B$61,0))+((G$28)*$C$19*설정!$B$57)) -> 0 | H75: =($D$19)*MIN(($B$19*$C$19*$H$19)*MAX(1,ROUNDUP(((H$28)*$B$19*설정!$B$57)/설정!$B$61,0))+((H$28)*$B$19*설정!$B$57)+((H$28)*$C$19*설정!$B$57),($B$19*$C$19*$H$19)+((H$28)*$B$19*설정!$B$57)*MAX(1,ROUNDUP(($B$19*$C$19*$H$19)/설정!$B$61,0))+((H$28)*$C$19*설정!$B$57)) -> 0
A76: ffn.up_proj 시간 (ms) | B76: =MAX(B74/$I$19,B75/설정!$B$60)*1000 -> 0 | C76: =MAX(C74/$I$19,C75/설정!$B$60)*1000 -> 0 | D76: =MAX(D74/$I$19,D75/설정!$B$60)*1000 -> 0 | E76: =MAX(E74/$I$19,E75/설정!$B$60)*1000 -> 0 | F76: =MAX(F74/$I$19,F75/설정!$B$60)*1000 -> 0 | G76: =MAX(G74/$I$19,G75/설정!$B$60)*1000 -> 0 | H76: =MAX(H74/$I$19,H75/설정!$B$60)*1000 -> 0
A77: ffn.down_proj 연산량 (ops) | B77: =($D$20)*2*(B$28)*$B$20*$C$20 -> 0 | C77: =($D$20)*2*(C$28)*$B$20*$C$20 -> 0 | D77: =($D$20)*2*(D$28)*$B$20*$C$20 -> 0 | E77: =($D$20)*2*(E$28)*$B$20*$C$20 -> 0 | F77: =($D$20)*2*(F$28)*$B$20*$C$20 -> 0 | G77: =($D$20)*2*(G$28)*$B$20*$C$20 -> 0 | H77: =($D$20)*2*(H$28)*$B$20*$C$20 -> 0
A78: ffn.down_proj DRAM 트래픽 (B) | B78: =($D$20)*MIN(($B$20*$C$20*$H$20)*MAX(1,ROUNDUP(((B$28)*$B$20*설정!$B$57)/설정!$B$61,0))+((B$28)*$B$20*설정!$B$57)+((B$28)*$C$20*설정!$B$57),($B$20*$C$20*$H$20)+((B$28)*$B$20*설정!$B$57)*MAX(1,ROUNDUP(($B$20*$C$20*$H$20)/설정!$B$61,0))+((B$28)*$C$20*설정!$B$57)) -> 0 | C78: =($D$20)*MIN(($B$20*$C$20*$H$20)*MAX(1,ROUNDUP(((C$28)*$B$20*설정!$B$57)/설정!$B$61,0))+((C$28)*$B$20*설정!$B$57)+((C$28)*$C$20*설정!$B$57),($B$20*$C$20*$H$20)+((C$28)*$B$20*설정!$B$57)*MAX(1,ROUNDUP(($B$20*$C$20*$H$20)/설정!$B$61,0))+((C$28)*$C$20*설정!$B$57)) -> 0 | D78: =($D$20)*MIN(($B$20*$C$20*$H$20)*MAX(1,ROUNDUP(((D$28)*$B$20*설정!$B$57)/설정!$B$61,0))+((D$28)*$B$20*설정!$B$57)+((D$28)*$C$20*설정!$B$57),($B$20*$C$20*$H$20)+((D$28)*$B$20*설정!$B$57)*MAX(1,ROUNDUP(($B$20*$C$20*$H$20)/설정!$B$61,0))+((D$28)*$C$20*설정!$B$57)) -> 0 | E78: =($D$20)*MIN(($B$20*$C$20*$H$20)*MAX(1,ROUNDUP(((E$28)*$B$20*설정!$B$57)/설정!$B$61,0))+((E$28)*$B$20*설정!$B$57)+((E$28)*$C$20*설정!$B$57),($B$20*$C$20*$H$20)+((E$28)*$B$20*설정!$B$57)*MAX(1,ROUNDUP(($B$20*$C$20*$H$20)/설정!$B$61,0))+((E$28)*$C$20*설정!$B$57)) -> 0 | F78: =($D$20)*MIN(($B$20*$C$20*$H$20)*MAX(1,ROUNDUP(((F$28)*$B$20*설정!$B$57)/설정!$B$61,0))+((F$28)*$B$20*설정!$B$57)+((F$28)*$C$20*설정!$B$57),($B$20*$C$20*$H$20)+((F$28)*$B$20*설정!$B$57)*MAX(1,ROUNDUP(($B$20*$C$20*$H$20)/설정!$B$61,0))+((F$28)*$C$20*설정!$B$57)) -> 0 | G78: =($D$20)*MIN(($B$20*$C$20*$H$20)*MAX(1,ROUNDUP(((G$28)*$B$20*설정!$B$57)/설정!$B$61,0))+((G$28)*$B$20*설정!$B$57)+((G$28)*$C$20*설정!$B$57),($B$20*$C$20*$H$20)+((G$28)*$B$20*설정!$B$57)*MAX(1,ROUNDUP(($B$20*$C$20*$H$20)/설정!$B$61,0))+((G$28)*$C$20*설정!$B$57)) -> 0 | H78: =($D$20)*MIN(($B$20*$C$20*$H$20)*MAX(1,ROUNDUP(((H$28)*$B$20*설정!$B$57)/설정!$B$61,0))+((H$28)*$B$20*설정!$B$57)+((H$28)*$C$20*설정!$B$57),($B$20*$C$20*$H$20)+((H$28)*$B$20*설정!$B$57)*MAX(1,ROUNDUP(($B$20*$C$20*$H$20)/설정!$B$61,0))+((H$28)*$C$20*설정!$B$57)) -> 0
A79: ffn.down_proj 시간 (ms) | B79: =MAX(B77/$I$20,B78/설정!$B$60)*1000 -> 0 | C79: =MAX(C77/$I$20,C78/설정!$B$60)*1000 -> 0 | D79: =MAX(D77/$I$20,D78/설정!$B$60)*1000 -> 0 | E79: =MAX(E77/$I$20,E78/설정!$B$60)*1000 -> 0 | F79: =MAX(F77/$I$20,F78/설정!$B$60)*1000 -> 0 | G79: =MAX(G77/$I$20,G78/설정!$B$60)*1000 -> 0 | H79: =MAX(H77/$I$20,H78/설정!$B$60)*1000 -> 0
A80: expert.gate_proj 연산량 (ops) | B80: =($D$21*B$29)*2*(B$31)*$B$21*$C$21 -> 203843174400 | C80: =($D$21*C$29)*2*(C$31)*$B$21*$C$21 -> 407686348800 | D80: =($D$21*D$29)*2*(D$31)*$B$21*$C$21 -> 815372697600 | E80: =($D$21*E$29)*2*(E$31)*$B$21*$C$21 -> 1630745395200 | F80: =($D$21*F$29)*2*(F$31)*$B$21*$C$21 -> 3261490790400 | G80: =($D$21*G$29)*2*(G$31)*$B$21*$C$21 -> 6522981580800 | H80: =($D$21*H$29)*2*(H$31)*$B$21*$C$21 -> 13045963161600
A81: expert.gate_proj DRAM 트래픽 (B) | B81: =($D$21*B$29)*MIN(($B$21*$C$21*$H$21)*MAX(1,ROUNDUP(((B$31)*$B$21*설정!$B$57)/설정!$B$61,0))+((B$31)*$B$21*설정!$B$57)+((B$31)*$C$21*설정!$B$57),($B$21*$C$21*$H$21)+((B$31)*$B$21*설정!$B$57)*MAX(1,ROUNDUP(($B$21*$C$21*$H$21)/설정!$B$61,0))+((B$31)*$C$21*설정!$B$57)) -> 3.3553612e+09 | C81: =($D$21*C$29)*MIN(($B$21*$C$21*$H$21)*MAX(1,ROUNDUP(((C$31)*$B$21*설정!$B$57)/설정!$B$61,0))+((C$31)*$B$21*설정!$B$57)+((C$31)*$C$21*설정!$B$57),($B$21*$C$21*$H$21)+((C$31)*$B$21*설정!$B$57)*MAX(1,ROUNDUP(($B$21*$C$21*$H$21)/설정!$B$61,0))+((C$31)*$C$21*설정!$B$57)) -> 3.4261402e+09 | D81: =($D$21*D$29)*MIN(($B$21*$C$21*$H$21)*MAX(1,ROUNDUP(((D$31)*$B$21*설정!$B$57)/설정!$B$61,0))+((D$31)*$B$21*설정!$B$57)+((D$31)*$C$21*설정!$B$57),($B$21*$C$21*$H$21)+((D$31)*$B$21*설정!$B$57)*MAX(1,ROUNDUP(($B$21*$C$21*$H$21)/설정!$B$61,0))+((D$31)*$C$21*설정!$B$57)) -> 3567697920 | E81: =($D$21*E$29)*MIN(($B$21*$C$21*$H$21)*MAX(1,ROUNDUP(((E$31)*$B$21*설정!$B$57)/설정!$B$61,0))+((E$31)*$B$21*설정!$B$57)+((E$31)*$C$21*설정!$B$57),($B$21*$C$21*$H$21)+((E$31)*$B$21*설정!$B$57)*MAX(1,ROUNDUP(($B$21*$C$21*$H$21)/설정!$B$61,0))+((E$31)*$C$21*설정!$B$57)) -> 3850813440 | F81: =($D$21*F$29)*MIN(($B$21*$C$21*$H$21)*MAX(1,ROUNDUP(((F$31)*$B$21*설정!$B$57)/설정!$B$61,0))+((F$31)*$B$21*설정!$B$57)+((F$31)*$C$21*설정!$B$57),($B$21*$C$21*$H$21)+((F$31)*$B$21*설정!$B$57)*MAX(1,ROUNDUP(($B$21*$C$21*$H$21)/설정!$B$61,0))+((F$31)*$C$21*설정!$B$57)) -> 4417044480 | G81: =($D$21*G$29)*MIN(($B$21*$C$21*$H$21)*MAX(1,ROUNDUP(((G$31)*$B$21*설정!$B$57)/설정!$B$61,0))+((G$31)*$B$21*설정!$B$57)+((G$31)*$C$21*설정!$B$57),($B$21*$C$21*$H$21)+((G$31)*$B$21*설정!$B$57)*MAX(1,ROUNDUP(($B$21*$C$21*$H$21)/설정!$B$61,0))+((G$31)*$C$21*설정!$B$57)) -> 5549506560 | H81: =($D$21*H$29)*MIN(($B$21*$C$21*$H$21)*MAX(1,ROUNDUP(((H$31)*$B$21*설정!$B$57)/설정!$B$61,0))+((H$31)*$B$21*설정!$B$57)+((H$31)*$C$21*설정!$B$57),($B$21*$C$21*$H$21)+((H$31)*$B$21*설정!$B$57)*MAX(1,ROUNDUP(($B$21*$C$21*$H$21)/설정!$B$61,0))+((H$31)*$C$21*설정!$B$57)) -> 11099013120
A82: expert.gate_proj 시간 (ms) | B82: =MAX(B80/$I$21,B81/설정!$B$60)*1000 -> 65.791395 | C82: =MAX(C80/$I$21,C81/설정!$B$60)*1000 -> 67.179219 | D82: =MAX(D80/$I$21,D81/설정!$B$60)*1000 -> 69.954861 | E82: =MAX(E80/$I$21,E81/설정!$B$60)*1000 -> 75.506146 | F82: =MAX(F80/$I$21,F81/설정!$B$60)*1000 -> 135.89545 | G82: =MAX(G80/$I$21,G81/설정!$B$60)*1000 -> 271.7909 | H82: =MAX(H80/$I$21,H81/설정!$B$60)*1000 -> 543.5818
A83: expert.up_proj 연산량 (ops) | B83: =($D$22*B$29)*2*(B$31)*$B$22*$C$22 -> 203843174400 | C83: =($D$22*C$29)*2*(C$31)*$B$22*$C$22 -> 407686348800 | D83: =($D$22*D$29)*2*(D$31)*$B$22*$C$22 -> 815372697600 | E83: =($D$22*E$29)*2*(E$31)*$B$22*$C$22 -> 1630745395200 | F83: =($D$22*F$29)*2*(F$31)*$B$22*$C$22 -> 3261490790400 | G83: =($D$22*G$29)*2*(G$31)*$B$22*$C$22 -> 6522981580800 | H83: =($D$22*H$29)*2*(H$31)*$B$22*$C$22 -> 13045963161600
A84: expert.up_proj DRAM 트래픽 (B) | B84: =($D$22*B$29)*MIN(($B$22*$C$22*$H$22)*MAX(1,ROUNDUP(((B$31)*$B$22*설정!$B$57)/설정!$B$61,0))+((B$31)*$B$22*설정!$B$57)+((B$31)*$C$22*설정!$B$57),($B$22*$C$22*$H$22)+((B$31)*$B$22*설정!$B$57)*MAX(1,ROUNDUP(($B$22*$C$22*$H$22)/설정!$B$61,0))+((B$31)*$C$22*설정!$B$57)) -> 3.3553612e+09 | C84: =($D$22*C$29)*MIN(($B$22*$C$22*$H$22)*MAX(1,ROUNDUP(((C$31)*$B$22*설정!$B$57)/설정!$B$61,0))+((C$31)*$B$22*설정!$B$57)+((C$31)*$C$22*설정!$B$57),($B$22*$C$22*$H$22)+((C$31)*$B$22*설정!$B$57)*MAX(1,ROUNDUP(($B$22*$C$22*$H$22)/설정!$B$61,0))+((C$31)*$C$22*설정!$B$57)) -> 3.4261402e+09 | D84: =($D$22*D$29)*MIN(($B$22*$C$22*$H$22)*MAX(1,ROUNDUP(((D$31)*$B$22*설정!$B$57)/설정!$B$61,0))+((D$31)*$B$22*설정!$B$57)+((D$31)*$C$22*설정!$B$57),($B$22*$C$22*$H$22)+((D$31)*$B$22*설정!$B$57)*MAX(1,ROUNDUP(($B$22*$C$22*$H$22)/설정!$B$61,0))+((D$31)*$C$22*설정!$B$57)) -> 3567697920 | E84: =($D$22*E$29)*MIN(($B$22*$C$22*$H$22)*MAX(1,ROUNDUP(((E$31)*$B$22*설정!$B$57)/설정!$B$61,0))+((E$31)*$B$22*설정!$B$57)+((E$31)*$C$22*설정!$B$57),($B$22*$C$22*$H$22)+((E$31)*$B$22*설정!$B$57)*MAX(1,ROUNDUP(($B$22*$C$22*$H$22)/설정!$B$61,0))+((E$31)*$C$22*설정!$B$57)) -> 3850813440 | F84: =($D$22*F$29)*MIN(($B$22*$C$22*$H$22)*MAX(1,ROUNDUP(((F$31)*$B$22*설정!$B$57)/설정!$B$61,0))+((F$31)*$B$22*설정!$B$57)+((F$31)*$C$22*설정!$B$57),($B$22*$C$22*$H$22)+((F$31)*$B$22*설정!$B$57)*MAX(1,ROUNDUP(($B$22*$C$22*$H$22)/설정!$B$61,0))+((F$31)*$C$22*설정!$B$57)) -> 4417044480 | G84: =($D$22*G$29)*MIN(($B$22*$C$22*$H$22)*MAX(1,ROUNDUP(((G$31)*$B$22*설정!$B$57)/설정!$B$61,0))+((G$31)*$B$22*설정!$B$57)+((G$31)*$C$22*설정!$B$57),($B$22*$C$22*$H$22)+((G$31)*$B$22*설정!$B$57)*MAX(1,ROUNDUP(($B$22*$C$22*$H$22)/설정!$B$61,0))+((G$31)*$C$22*설정!$B$57)) -> 5549506560 | H84: =($D$22*H$29)*MIN(($B$22*$C$22*$H$22)*MAX(1,ROUNDUP(((H$31)*$B$22*설정!$B$57)/설정!$B$61,0))+((H$31)*$B$22*설정!$B$57)+((H$31)*$C$22*설정!$B$57),($B$22*$C$22*$H$22)+((H$31)*$B$22*설정!$B$57)*MAX(1,ROUNDUP(($B$22*$C$22*$H$22)/설정!$B$61,0))+((H$31)*$C$22*설정!$B$57)) -> 11099013120
A85: expert.up_proj 시간 (ms) | B85: =MAX(B83/$I$22,B84/설정!$B$60)*1000 -> 65.791395 | C85: =MAX(C83/$I$22,C84/설정!$B$60)*1000 -> 67.179219 | D85: =MAX(D83/$I$22,D84/설정!$B$60)*1000 -> 69.954861 | E85: =MAX(E83/$I$22,E84/설정!$B$60)*1000 -> 75.506146 | F85: =MAX(F83/$I$22,F84/설정!$B$60)*1000 -> 135.89545 | G85: =MAX(G83/$I$22,G84/설정!$B$60)*1000 -> 271.7909 | H85: =MAX(H83/$I$22,H84/설정!$B$60)*1000 -> 543.5818
A86: expert.down_proj 연산량 (ops) | B86: =($D$23*B$29)*2*(B$31)*$B$23*$C$23 -> 203843174400 | C86: =($D$23*C$29)*2*(C$31)*$B$23*$C$23 -> 407686348800 | D86: =($D$23*D$29)*2*(D$31)*$B$23*$C$23 -> 815372697600 | E86: =($D$23*E$29)*2*(E$31)*$B$23*$C$23 -> 1630745395200 | F86: =($D$23*F$29)*2*(F$31)*$B$23*$C$23 -> 3261490790400 | G86: =($D$23*G$29)*2*(G$31)*$B$23*$C$23 -> 6522981580800 | H86: =($D$23*H$29)*2*(H$31)*$B$23*$C$23 -> 13045963161600
A87: expert.down_proj DRAM 트래픽 (B) | B87: =($D$23*B$29)*MIN(($B$23*$C$23*$H$23)*MAX(1,ROUNDUP(((B$31)*$B$23*설정!$B$57)/설정!$B$61,0))+((B$31)*$B$23*설정!$B$57)+((B$31)*$C$23*설정!$B$57),($B$23*$C$23*$H$23)+((B$31)*$B$23*설정!$B$57)*MAX(1,ROUNDUP(($B$23*$C$23*$H$23)/설정!$B$61,0))+((B$31)*$C$23*설정!$B$57)) -> 3.3553612e+09 | C87: =($D$23*C$29)*MIN(($B$23*$C$23*$H$23)*MAX(1,ROUNDUP(((C$31)*$B$23*설정!$B$57)/설정!$B$61,0))+((C$31)*$B$23*설정!$B$57)+((C$31)*$C$23*설정!$B$57),($B$23*$C$23*$H$23)+((C$31)*$B$23*설정!$B$57)*MAX(1,ROUNDUP(($B$23*$C$23*$H$23)/설정!$B$61,0))+((C$31)*$C$23*설정!$B$57)) -> 3.4261402e+09 | D87: =($D$23*D$29)*MIN(($B$23*$C$23*$H$23)*MAX(1,ROUNDUP(((D$31)*$B$23*설정!$B$57)/설정!$B$61,0))+((D$31)*$B$23*설정!$B$57)+((D$31)*$C$23*설정!$B$57),($B$23*$C$23*$H$23)+((D$31)*$B$23*설정!$B$57)*MAX(1,ROUNDUP(($B$23*$C$23*$H$23)/설정!$B$61,0))+((D$31)*$C$23*설정!$B$57)) -> 3567697920 | E87: =($D$23*E$29)*MIN(($B$23*$C$23*$H$23)*MAX(1,ROUNDUP(((E$31)*$B$23*설정!$B$57)/설정!$B$61,0))+((E$31)*$B$23*설정!$B$57)+((E$31)*$C$23*설정!$B$57),($B$23*$C$23*$H$23)+((E$31)*$B$23*설정!$B$57)*MAX(1,ROUNDUP(($B$23*$C$23*$H$23)/설정!$B$61,0))+((E$31)*$C$23*설정!$B$57)) -> 3850813440 | F87: =($D$23*F$29)*MIN(($B$23*$C$23*$H$23)*MAX(1,ROUNDUP(((F$31)*$B$23*설정!$B$57)/설정!$B$61,0))+((F$31)*$B$23*설정!$B$57)+((F$31)*$C$23*설정!$B$57),($B$23*$C$23*$H$23)+((F$31)*$B$23*설정!$B$57)*MAX(1,ROUNDUP(($B$23*$C$23*$H$23)/설정!$B$61,0))+((F$31)*$C$23*설정!$B$57)) -> 4417044480 | G87: =($D$23*G$29)*MIN(($B$23*$C$23*$H$23)*MAX(1,ROUNDUP(((G$31)*$B$23*설정!$B$57)/설정!$B$61,0))+((G$31)*$B$23*설정!$B$57)+((G$31)*$C$23*설정!$B$57),($B$23*$C$23*$H$23)+((G$31)*$B$23*설정!$B$57)*MAX(1,ROUNDUP(($B$23*$C$23*$H$23)/설정!$B$61,0))+((G$31)*$C$23*설정!$B$57)) -> 5549506560 | H87: =($D$23*H$29)*MIN(($B$23*$C$23*$H$23)*MAX(1,ROUNDUP(((H$31)*$B$23*설정!$B$57)/설정!$B$61,0))+((H$31)*$B$23*설정!$B$57)+((H$31)*$C$23*설정!$B$57),($B$23*$C$23*$H$23)+((H$31)*$B$23*설정!$B$57)*MAX(1,ROUNDUP(($B$23*$C$23*$H$23)/설정!$B$61,0))+((H$31)*$C$23*설정!$B$57)) -> 11099013120
A88: expert.down_proj 시간 (ms) | B88: =MAX(B86/$I$23,B87/설정!$B$60)*1000 -> 65.791395 | C88: =MAX(C86/$I$23,C87/설정!$B$60)*1000 -> 67.179219 | D88: =MAX(D86/$I$23,D87/설정!$B$60)*1000 -> 69.954861 | E88: =MAX(E86/$I$23,E87/설정!$B$60)*1000 -> 75.506146 | F88: =MAX(F86/$I$23,F87/설정!$B$60)*1000 -> 135.89545 | G88: =MAX(G86/$I$23,G87/설정!$B$60)*1000 -> 271.7909 | H88: =MAX(H86/$I$23,H87/설정!$B$60)*1000 -> 543.5818
A89: lm_head 연산량 (ops) | B89: =($D$24)*2*(1)*$B$24*$C$24 -> 1158266880 | C89: =($D$24)*2*(1)*$B$24*$C$24 -> 1158266880 | D89: =($D$24)*2*(1)*$B$24*$C$24 -> 1158266880 | E89: =($D$24)*2*(1)*$B$24*$C$24 -> 1158266880 | F89: =($D$24)*2*(1)*$B$24*$C$24 -> 1158266880 | G89: =($D$24)*2*(1)*$B$24*$C$24 -> 1158266880 | H89: =($D$24)*2*(1)*$B$24*$C$24 -> 1158266880
A90: lm_head DRAM 트래픽 (B) | B90: =($D$24)*MIN(($B$24*$C$24*$H$24)*MAX(1,ROUNDUP(((1)*$B$24*설정!$B$57)/설정!$B$61,0))+((1)*$B$24*설정!$B$57)+((1)*$C$24*설정!$B$57),($B$24*$C$24*$H$24)+((1)*$B$24*설정!$B$57)*MAX(1,ROUNDUP(($B$24*$C$24*$H$24)/설정!$B$61,0))+((1)*$C$24*설정!$B$57)) -> 298819648 | C90: =($D$24)*MIN(($B$24*$C$24*$H$24)*MAX(1,ROUNDUP(((1)*$B$24*설정!$B$57)/설정!$B$61,0))+((1)*$B$24*설정!$B$57)+((1)*$C$24*설정!$B$57),($B$24*$C$24*$H$24)+((1)*$B$24*설정!$B$57)*MAX(1,ROUNDUP(($B$24*$C$24*$H$24)/설정!$B$61,0))+((1)*$C$24*설정!$B$57)) -> 298819648 | D90: =($D$24)*MIN(($B$24*$C$24*$H$24)*MAX(1,ROUNDUP(((1)*$B$24*설정!$B$57)/설정!$B$61,0))+((1)*$B$24*설정!$B$57)+((1)*$C$24*설정!$B$57),($B$24*$C$24*$H$24)+((1)*$B$24*설정!$B$57)*MAX(1,ROUNDUP(($B$24*$C$24*$H$24)/설정!$B$61,0))+((1)*$C$24*설정!$B$57)) -> 298819648 | E90: =($D$24)*MIN(($B$24*$C$24*$H$24)*MAX(1,ROUNDUP(((1)*$B$24*설정!$B$57)/설정!$B$61,0))+((1)*$B$24*설정!$B$57)+((1)*$C$24*설정!$B$57),($B$24*$C$24*$H$24)+((1)*$B$24*설정!$B$57)*MAX(1,ROUNDUP(($B$24*$C$24*$H$24)/설정!$B$61,0))+((1)*$C$24*설정!$B$57)) -> 298819648 | F90: =($D$24)*MIN(($B$24*$C$24*$H$24)*MAX(1,ROUNDUP(((1)*$B$24*설정!$B$57)/설정!$B$61,0))+((1)*$B$24*설정!$B$57)+((1)*$C$24*설정!$B$57),($B$24*$C$24*$H$24)+((1)*$B$24*설정!$B$57)*MAX(1,ROUNDUP(($B$24*$C$24*$H$24)/설정!$B$61,0))+((1)*$C$24*설정!$B$57)) -> 298819648 | G90: =($D$24)*MIN(($B$24*$C$24*$H$24)*MAX(1,ROUNDUP(((1)*$B$24*설정!$B$57)/설정!$B$61,0))+((1)*$B$24*설정!$B$57)+((1)*$C$24*설정!$B$57),($B$24*$C$24*$H$24)+((1)*$B$24*설정!$B$57)*MAX(1,ROUNDUP(($B$24*$C$24*$H$24)/설정!$B$61,0))+((1)*$C$24*설정!$B$57)) -> 298819648 | H90: =($D$24)*MIN(($B$24*$C$24*$H$24)*MAX(1,ROUNDUP(((1)*$B$24*설정!$B$57)/설정!$B$61,0))+((1)*$B$24*설정!$B$57)+((1)*$C$24*설정!$B$57),($B$24*$C$24*$H$24)+((1)*$B$24*설정!$B$57)*MAX(1,ROUNDUP(($B$24*$C$24*$H$24)/설정!$B$61,0))+((1)*$C$24*설정!$B$57)) -> 298819648
A91: lm_head 시간 (ms) | B91: =MAX(B89/$I$24,B90/설정!$B$60)*1000 -> 5.8592088 | C91: =MAX(C89/$I$24,C90/설정!$B$60)*1000 -> 5.8592088 | D91: =MAX(D89/$I$24,D90/설정!$B$60)*1000 -> 5.8592088 | E91: =MAX(E89/$I$24,E90/설정!$B$60)*1000 -> 5.8592088 | F91: =MAX(F89/$I$24,F90/설정!$B$60)*1000 -> 5.8592088 | G91: =MAX(G89/$I$24,G90/설정!$B$60)*1000 -> 5.8592088 | H91: =MAX(H89/$I$24,H90/설정!$B$60)*1000 -> 5.8592088
A92: Causal 쌍 수 (full) | B92: =B28*(B28+1)/2 -> 8256 | C92: =C28*(C28+1)/2 -> 32896 | D92: =D28*(D28+1)/2 -> 131328 | E92: =E28*(E28+1)/2 -> 524800 | F92: =F28*(F28+1)/2 -> 2098176 | G92: =G28*(G28+1)/2 -> 8390656 | H92: =H28*(H28+1)/2 -> 33558528
A93: Full 어텐션 연산량 (ops) | B93: =모델!$C$12*4*모델!$C$13*모델!$C$15*B92 -> 1623195648 | C93: =모델!$C$12*4*모델!$C$13*모델!$C$15*C92 -> 6467616768 | D93: =모델!$C$12*4*모델!$C$13*모델!$C$15*D92 -> 25820135424 | E93: =모델!$C$12*4*모델!$C$13*모델!$C$15*E92 -> 103179878400 | F93: =모델!$C$12*4*모델!$C$13*모델!$C$15*F92 -> 412518187008 | G93: =모델!$C$12*4*모델!$C$13*모델!$C$15*G92 -> 1649670094848 | H93: =모델!$C$12*4*모델!$C$13*모델!$C$15*H92 -> 6597875073024
A94: Full 어텐션 DRAM 트래픽 (B) | B94: =모델!$C$12*(2*B28*모델!$C$13*모델!$C$15*설정!$B$57+B28*2*모델!$C$14*모델!$C$15*설정!$B$58*MAX(1,ROUNDUP(B28*(모델!$C$13/MAX(1,모델!$C$14))*모델!$C$15*설정!$B$57/설정!$B$61,0))) -> 14155776 | C94: =모델!$C$12*(2*C28*모델!$C$13*모델!$C$15*설정!$B$57+C28*2*모델!$C$14*모델!$C$15*설정!$B$58*MAX(1,ROUNDUP(C28*(모델!$C$13/MAX(1,모델!$C$14))*모델!$C$15*설정!$B$57/설정!$B$61,0))) -> 28311552 | D94: =모델!$C$12*(2*D28*모델!$C$13*모델!$C$15*설정!$B$57+D28*2*모델!$C$14*모델!$C$15*설정!$B$58*MAX(1,ROUNDUP(D28*(모델!$C$13/MAX(1,모델!$C$14))*모델!$C$15*설정!$B$57/설정!$B$61,0))) -> 56623104 | E94: =모델!$C$12*(2*E28*모델!$C$13*모델!$C$15*설정!$B$57+E28*2*모델!$C$14*모델!$C$15*설정!$B$58*MAX(1,ROUNDUP(E28*(모델!$C$13/MAX(1,모델!$C$14))*모델!$C$15*설정!$B$57/설정!$B$61,0))) -> 113246208 | F94: =모델!$C$12*(2*F28*모델!$C$13*모델!$C$15*설정!$B$57+F28*2*모델!$C$14*모델!$C$15*설정!$B$58*MAX(1,ROUNDUP(F28*(모델!$C$13/MAX(1,모델!$C$14))*모델!$C$15*설정!$B$57/설정!$B$61,0))) -> 226492416 | G94: =모델!$C$12*(2*G28*모델!$C$13*모델!$C$15*설정!$B$57+G28*2*모델!$C$14*모델!$C$15*설정!$B$58*MAX(1,ROUNDUP(G28*(모델!$C$13/MAX(1,모델!$C$14))*모델!$C$15*설정!$B$57/설정!$B$61,0))) -> 503316480 | H94: =모델!$C$12*(2*H28*모델!$C$13*모델!$C$15*설정!$B$57+H28*2*모델!$C$14*모델!$C$15*설정!$B$58*MAX(1,ROUNDUP(H28*(모델!$C$13/MAX(1,모델!$C$14))*모델!$C$15*설정!$B$57/설정!$B$61,0))) -> 1107296256
A95: Full 어텐션 시간 (ms) | B95: =MAX(B93/설정!$B$68,B94/설정!$B$60)*1000 -> 0.27756424 | C95: =MAX(C93/설정!$B$68,C94/설정!$B$60)*1000 -> 0.55512847 | D95: =MAX(D93/설정!$B$68,D94/설정!$B$60)*1000 -> 1.1102569 | E95: =MAX(E93/설정!$B$68,E94/설정!$B$60)*1000 -> 4.2991616 | F95: =MAX(F93/설정!$B$68,F94/설정!$B$60)*1000 -> 17.188258 | G95: =MAX(G93/설정!$B$68,G94/설정!$B$60)*1000 -> 68.736254 | H95: =MAX(H93/설정!$B$68,H94/설정!$B$60)*1000 -> 274.91146
A96: Causal 쌍 수 (sliding) | B96: =IF(B28<=모델!$C$20,B28*(B28+1)/2,모델!$C$20*(모델!$C$20+1)/2+(B28-모델!$C$20)*모델!$C$20) -> 8256 | C96: =IF(C28<=모델!$C$20,C28*(C28+1)/2,모델!$C$20*(모델!$C$20+1)/2+(C28-모델!$C$20)*모델!$C$20) -> 24640 | D96: =IF(D28<=모델!$C$20,D28*(D28+1)/2,모델!$C$20*(모델!$C$20+1)/2+(D28-모델!$C$20)*모델!$C$20) -> 57408 | E96: =IF(E28<=모델!$C$20,E28*(E28+1)/2,모델!$C$20*(모델!$C$20+1)/2+(E28-모델!$C$20)*모델!$C$20) -> 122944 | F96: =IF(F28<=모델!$C$20,F28*(F28+1)/2,모델!$C$20*(모델!$C$20+1)/2+(F28-모델!$C$20)*모델!$C$20) -> 254016 | G96: =IF(G28<=모델!$C$20,G28*(G28+1)/2,모델!$C$20*(모델!$C$20+1)/2+(G28-모델!$C$20)*모델!$C$20) -> 516160 | H96: =IF(H28<=모델!$C$20,H28*(H28+1)/2,모델!$C$20*(모델!$C$20+1)/2+(H28-모델!$C$20)*모델!$C$20) -> 1040448
A97: Sliding 어텐션 연산량 (ops) | B97: =모델!$C$19*4*모델!$C$21*모델!$C$23*B96 -> 1623195648 | C97: =모델!$C$19*4*모델!$C$21*모델!$C$23*C96 -> 4844421120 | D97: =모델!$C$19*4*모델!$C$21*모델!$C$23*D96 -> 11286872064 | E97: =모델!$C$19*4*모델!$C$21*모델!$C$23*E96 -> 24171773952 | F97: =모델!$C$19*4*모델!$C$21*모델!$C$23*F96 -> 49941577728 | G97: =모델!$C$19*4*모델!$C$21*모델!$C$23*G96 -> 101481185280 | H97: =모델!$C$19*4*모델!$C$21*모델!$C$23*H96 -> 204560400384
A98: Sliding 어텐션 DRAM 트래픽 (B) | B98: =모델!$C$19*(2*B28*모델!$C$21*모델!$C$23*설정!$B$57+B28*2*모델!$C$22*모델!$C$23*설정!$B$58*MAX(1,ROUNDUP(MIN(B28,모델!$C$20)*(모델!$C$21/MAX(1,모델!$C$22))*모델!$C$23*설정!$B$57/설정!$B$61,0))) -> 14155776 | C98: =모델!$C$19*(2*C28*모델!$C$21*모델!$C$23*설정!$B$57+C28*2*모델!$C$22*모델!$C$23*설정!$B$58*MAX(1,ROUNDUP(MIN(C28,모델!$C$20)*(모델!$C$21/MAX(1,모델!$C$22))*모델!$C$23*설정!$B$57/설정!$B$61,0))) -> 28311552 | D98: =모델!$C$19*(2*D28*모델!$C$21*모델!$C$23*설정!$B$57+D28*2*모델!$C$22*모델!$C$23*설정!$B$58*MAX(1,ROUNDUP(MIN(D28,모델!$C$20)*(모델!$C$21/MAX(1,모델!$C$22))*모델!$C$23*설정!$B$57/설정!$B$61,0))) -> 56623104 | E98: =모델!$C$19*(2*E28*모델!$C$21*모델!$C$23*설정!$B$57+E28*2*모델!$C$22*모델!$C$23*설정!$B$58*MAX(1,ROUNDUP(MIN(E28,모델!$C$20)*(모델!$C$21/MAX(1,모델!$C$22))*모델!$C$23*설정!$B$57/설정!$B$61,0))) -> 113246208 | F98: =모델!$C$19*(2*F28*모델!$C$21*모델!$C$23*설정!$B$57+F28*2*모델!$C$22*모델!$C$23*설정!$B$58*MAX(1,ROUNDUP(MIN(F28,모델!$C$20)*(모델!$C$21/MAX(1,모델!$C$22))*모델!$C$23*설정!$B$57/설정!$B$61,0))) -> 226492416 | G98: =모델!$C$19*(2*G28*모델!$C$21*모델!$C$23*설정!$B$57+G28*2*모델!$C$22*모델!$C$23*설정!$B$58*MAX(1,ROUNDUP(MIN(G28,모델!$C$20)*(모델!$C$21/MAX(1,모델!$C$22))*모델!$C$23*설정!$B$57/설정!$B$61,0))) -> 452984832 | H98: =모델!$C$19*(2*H28*모델!$C$21*모델!$C$23*설정!$B$57+H28*2*모델!$C$22*모델!$C$23*설정!$B$58*MAX(1,ROUNDUP(MIN(H28,모델!$C$20)*(모델!$C$21/MAX(1,모델!$C$22))*모델!$C$23*설정!$B$57/설정!$B$61,0))) -> 905969664
A99: Sliding 어텐션 시간 (ms) | B99: =MAX(B97/설정!$B$68,B98/설정!$B$60)*1000 -> 0.27756424 | C99: =MAX(C97/설정!$B$68,C98/설정!$B$60)*1000 -> 0.55512847 | D99: =MAX(D97/설정!$B$68,D98/설정!$B$60)*1000 -> 1.1102569 | E99: =MAX(E97/설정!$B$68,E98/설정!$B$60)*1000 -> 2.2205139 | F99: =MAX(F97/설정!$B$68,F98/설정!$B$60)*1000 -> 4.4410278 | G99: =MAX(G97/설정!$B$68,G98/설정!$B$60)*1000 -> 8.8820555 | H99: =MAX(H97/설정!$B$68,H98/설정!$B$60)*1000 -> 17.764111
A100: GDN 처리 토큰 수 (chunk 패딩) | B100: =IF(모델!$C$26>0,ROUNDUP(B28/MAX(1,모델!$C$32),0)*모델!$C$32,0) -> 0 | C100: =IF(모델!$C$26>0,ROUNDUP(C28/MAX(1,모델!$C$32),0)*모델!$C$32,0) -> 0 | D100: =IF(모델!$C$26>0,ROUNDUP(D28/MAX(1,모델!$C$32),0)*모델!$C$32,0) -> 0 | E100: =IF(모델!$C$26>0,ROUNDUP(E28/MAX(1,모델!$C$32),0)*모델!$C$32,0) -> 0 | F100: =IF(모델!$C$26>0,ROUNDUP(F28/MAX(1,모델!$C$32),0)*모델!$C$32,0) -> 0 | G100: =IF(모델!$C$26>0,ROUNDUP(G28/MAX(1,모델!$C$32),0)*모델!$C$32,0) -> 0 | H100: =IF(모델!$C$26>0,ROUNDUP(H28/MAX(1,모델!$C$32),0)*모델!$C$32,0) -> 0
A101: GDN 코어 연산량 (ops) | B101: =모델!$C$26*B100*모델!$C$29*(6*모델!$C$32*모델!$C$28+4*모델!$C$32*모델!$C$30+6*모델!$C$28*모델!$C$30) -> 0 | C101: =모델!$C$26*C100*모델!$C$29*(6*모델!$C$32*모델!$C$28+4*모델!$C$32*모델!$C$30+6*모델!$C$28*모델!$C$30) -> 0 | D101: =모델!$C$26*D100*모델!$C$29*(6*모델!$C$32*모델!$C$28+4*모델!$C$32*모델!$C$30+6*모델!$C$28*모델!$C$30) -> 0 | E101: =모델!$C$26*E100*모델!$C$29*(6*모델!$C$32*모델!$C$28+4*모델!$C$32*모델!$C$30+6*모델!$C$28*모델!$C$30) -> 0 | F101: =모델!$C$26*F100*모델!$C$29*(6*모델!$C$32*모델!$C$28+4*모델!$C$32*모델!$C$30+6*모델!$C$28*모델!$C$30) -> 0 | G101: =모델!$C$26*G100*모델!$C$29*(6*모델!$C$32*모델!$C$28+4*모델!$C$32*모델!$C$30+6*모델!$C$28*모델!$C$30) -> 0 | H101: =모델!$C$26*H100*모델!$C$29*(6*모델!$C$32*모델!$C$28+4*모델!$C$32*모델!$C$30+6*모델!$C$28*모델!$C$30) -> 0
A102: GDN 코어 DRAM 트래픽 (B) | B102: =모델!$C$26*(B28*(모델!$C$52+2*모델!$C$29)*설정!$B$57+B28*모델!$C$29*모델!$C$30*설정!$B$57+모델!$C$29*모델!$C$28*모델!$C$30*설정!$B$59) -> 0 | C102: =모델!$C$26*(C28*(모델!$C$52+2*모델!$C$29)*설정!$B$57+C28*모델!$C$29*모델!$C$30*설정!$B$57+모델!$C$29*모델!$C$28*모델!$C$30*설정!$B$59) -> 0 | D102: =모델!$C$26*(D28*(모델!$C$52+2*모델!$C$29)*설정!$B$57+D28*모델!$C$29*모델!$C$30*설정!$B$57+모델!$C$29*모델!$C$28*모델!$C$30*설정!$B$59) -> 0 | E102: =모델!$C$26*(E28*(모델!$C$52+2*모델!$C$29)*설정!$B$57+E28*모델!$C$29*모델!$C$30*설정!$B$57+모델!$C$29*모델!$C$28*모델!$C$30*설정!$B$59) -> 0 | F102: =모델!$C$26*(F28*(모델!$C$52+2*모델!$C$29)*설정!$B$57+F28*모델!$C$29*모델!$C$30*설정!$B$57+모델!$C$29*모델!$C$28*모델!$C$30*설정!$B$59) -> 0 | G102: =모델!$C$26*(G28*(모델!$C$52+2*모델!$C$29)*설정!$B$57+G28*모델!$C$29*모델!$C$30*설정!$B$57+모델!$C$29*모델!$C$28*모델!$C$30*설정!$B$59) -> 0 | H102: =모델!$C$26*(H28*(모델!$C$52+2*모델!$C$29)*설정!$B$57+H28*모델!$C$29*모델!$C$30*설정!$B$57+모델!$C$29*모델!$C$28*모델!$C$30*설정!$B$59) -> 0
...

Sheet 계산_모델3
A1: =모델!D6&" — 계산 상세" -> Qwen3.6-35B-A3B — 계산 상세
A2: 모든 셀 자동 계산. 행렬마다 roofline(연산 시간과 DRAM 시간 중 큰 값)을 적용해 합산합니다. 개수가 0인 행렬은 해당 블록이 없는 모델입니다.
A4: 행렬 | B4: K (입력) | C4: N (출력) | D4: 개수 | E4: 종류 | F4: 경량화 구분 | G4: Weight bit | H4: B/param | I4: 실효 ops/s
A5: full.q_proj | B5: =모델!$D$8 -> 2048 | C5: =모델!$D$13*모델!$D$15*모델!$D$16 -> 8192 | D5: =모델!$D$12 -> 10 | E5: dense | F5: Attention | G5: =설정!$B$27 -> 4 | H5: =(설정!$B$27/8+IF(설정!$C$27=0,설정!$D$27/8/MAX(1,$B$5),설정!$D$27/8/설정!$C$27)) -> 0.515625 | I5: =설정!$B$63 -> 24000000000000
A6: full.k_proj | B6: =모델!$D$8 -> 2048 | C6: =모델!$D$14*모델!$D$15 -> 512 | D6: =모델!$D$12 -> 10 | E6: dense | F6: Attention | G6: =설정!$B$27 -> 4 | H6: =(설정!$B$27/8+IF(설정!$C$27=0,설정!$D$27/8/MAX(1,$B$6),설정!$D$27/8/설정!$C$27)) -> 0.515625 | I6: =설정!$B$63 -> 24000000000000
A7: full.v_proj | B7: =모델!$D$8 -> 2048 | C7: =모델!$D$14*모델!$D$15 -> 512 | D7: =모델!$D$12*모델!$D$17 -> 10 | E7: dense | F7: Attention | G7: =설정!$B$27 -> 4 | H7: =(설정!$B$27/8+IF(설정!$C$27=0,설정!$D$27/8/MAX(1,$B$7),설정!$D$27/8/설정!$C$27)) -> 0.515625 | I7: =설정!$B$63 -> 24000000000000
A8: full.o_proj | B8: =모델!$D$13*모델!$D$15 -> 4096 | C8: =모델!$D$8 -> 2048 | D8: =모델!$D$12 -> 10 | E8: dense | F8: Attention | G8: =설정!$B$27 -> 4 | H8: =(설정!$B$27/8+IF(설정!$C$27=0,설정!$D$27/8/MAX(1,$B$8),설정!$D$27/8/설정!$C$27)) -> 0.515625 | I8: =설정!$B$63 -> 24000000000000
A9: swa.q_proj | B9: =모델!$D$8 -> 2048 | C9: =모델!$D$21*모델!$D$23 -> 0 | D9: =모델!$D$19 -> 0 | E9: dense | F9: Attention | G9: =설정!$B$27 -> 4 | H9: =(설정!$B$27/8+IF(설정!$C$27=0,설정!$D$27/8/MAX(1,$B$9),설정!$D$27/8/설정!$C$27)) -> 0.515625 | I9: =설정!$B$63 -> 24000000000000
A10: swa.k_proj | B10: =모델!$D$8 -> 2048 | C10: =모델!$D$22*모델!$D$23 -> 0 | D10: =모델!$D$19 -> 0 | E10: dense | F10: Attention | G10: =설정!$B$27 -> 4 | H10: =(설정!$B$27/8+IF(설정!$C$27=0,설정!$D$27/8/MAX(1,$B$10),설정!$D$27/8/설정!$C$27)) -> 0.515625 | I10: =설정!$B$63 -> 24000000000000
A11: swa.v_proj | B11: =모델!$D$8 -> 2048 | C11: =모델!$D$22*모델!$D$23 -> 0 | D11: =모델!$D$19*모델!$D$24 -> 0 | E11: dense | F11: Attention | G11: =설정!$B$27 -> 4 | H11: =(설정!$B$27/8+IF(설정!$C$27=0,설정!$D$27/8/MAX(1,$B$11),설정!$D$27/8/설정!$C$27)) -> 0.515625 | I11: =설정!$B$63 -> 24000000000000
A12: swa.o_proj | B12: =모델!$D$21*모델!$D$23 -> 0 | C12: =모델!$D$8 -> 2048 | D12: =모델!$D$19 -> 0 | E12: dense | F12: Attention | G12: =설정!$B$27 -> 4 | H12: =(설정!$B$27/8+IF(설정!$C$27=0,설정!$D$27/8/MAX(1,$B$12),설정!$D$27/8/설정!$C$27)) -> 0.515625 | I12: =설정!$B$63 -> 24000000000000
A13: gdn.in_proj_qkv | B13: =모델!$D$8 -> 2048 | C13: =모델!$D$52 -> 8192 | D13: =모델!$D$26 -> 30 | E13: dense | F13: Linear attn (GDN) | G13: =설정!$B$28 -> 4 | H13: =(설정!$B$28/8+IF(설정!$C$28=0,설정!$D$28/8/MAX(1,$B$13),설정!$D$28/8/설정!$C$28)) -> 0.515625 | I13: =설정!$B$64 -> 24000000000000
A14: gdn.in_proj_z | B14: =모델!$D$8 -> 2048 | C14: =모델!$D$29*모델!$D$30 -> 4096 | D14: =모델!$D$26 -> 30 | E14: dense | F14: Linear attn (GDN) | G14: =설정!$B$28 -> 4 | H14: =(설정!$B$28/8+IF(설정!$C$28=0,설정!$D$28/8/MAX(1,$B$14),설정!$D$28/8/설정!$C$28)) -> 0.515625 | I14: =설정!$B$64 -> 24000000000000
A15: gdn.in_proj_ab | B15: =모델!$D$8 -> 2048 | C15: =2*모델!$D$29 -> 64 | D15: =모델!$D$26 -> 30 | E15: dense | F15: Linear attn (GDN) | G15: =설정!$B$28 -> 4 | H15: =(설정!$B$28/8+IF(설정!$C$28=0,설정!$D$28/8/MAX(1,$B$15),설정!$D$28/8/설정!$C$28)) -> 0.515625 | I15: =설정!$B$64 -> 24000000000000
A16: gdn.out_proj | B16: =모델!$D$29*모델!$D$30 -> 4096 | C16: =모델!$D$8 -> 2048 | D16: =모델!$D$26 -> 30 | E16: dense | F16: Linear attn (GDN) | G16: =설정!$B$28 -> 4 | H16: =(설정!$B$28/8+IF(설정!$C$28=0,설정!$D$28/8/MAX(1,$B$16),설정!$D$28/8/설정!$C$28)) -> 0.515625 | I16: =설정!$B$64 -> 24000000000000
A17: router | B17: =모델!$D$8 -> 2048 | C17: =모델!$D$36 -> 256 | D17: =IF(모델!$D$36>1,모델!$D$7,0) -> 40 | E17: dense | F17: Router (MoE) | G17: =설정!$B$30 -> 8 | H17: =(설정!$B$30/8+IF(설정!$C$30=0,설정!$D$30/8/MAX(1,$B$17),설정!$D$30/8/설정!$C$30)) -> 1.015625 | I17: =설정!$B$66 -> 24000000000000
A18: ffn.gate_proj | B18: =모델!$D$8 -> 2048 | C18: =모델!$D$34 -> 512 | D18: =IF(AND(모델!$D$34>0,모델!$D$35>=3),모델!$D$7,0) -> 40 | E18: dense | F18: FFN / Expert | G18: =설정!$B$29 -> 4 | H18: =(설정!$B$29/8+IF(설정!$C$29=0,설정!$D$29/8/MAX(1,$B$18),설정!$D$29/8/설정!$C$29)) -> 0.515625 | I18: =설정!$B$65 -> 24000000000000
A19: ffn.up_proj | B19: =모델!$D$8 -> 2048 | C19: =모델!$D$34 -> 512 | D19: =IF(모델!$D$34>0,모델!$D$7,0) -> 40 | E19: dense | F19: FFN / Expert | G19: =설정!$B$29 -> 4 | H19: =(설정!$B$29/8+IF(설정!$C$29=0,설정!$D$29/8/MAX(1,$B$19),설정!$D$29/8/설정!$C$29)) -> 0.515625 | I19: =설정!$B$65 -> 24000000000000
A20: ffn.down_proj | B20: =모델!$D$34 -> 512 | C20: =모델!$D$8 -> 2048 | D20: =IF(모델!$D$34>0,모델!$D$7,0) -> 40 | E20: dense | F20: FFN / Expert | G20: =설정!$B$29 -> 4 | H20: =(설정!$B$29/8+IF(설정!$C$29=0,설정!$D$29/8/MAX(1,$B$20),설정!$D$29/8/설정!$C$29)) -> 0.515625 | I20: =설정!$B$65 -> 24000000000000
A21: expert.gate_proj | B21: =모델!$D$8 -> 2048 | C21: =모델!$D$38 -> 512 | D21: =IF(AND(모델!$D$36>1,모델!$D$35>=3),모델!$D$7,0) -> 40 | E21: expert | F21: FFN / Expert | G21: =설정!$B$29 -> 4 | H21: =(설정!$B$29/8+IF(설정!$C$29=0,설정!$D$29/8/MAX(1,$B$21),설정!$D$29/8/설정!$C$29)) -> 0.515625 | I21: =설정!$B$65 -> 24000000000000
A22: expert.up_proj | B22: =모델!$D$8 -> 2048 | C22: =모델!$D$38 -> 512 | D22: =IF(모델!$D$36>1,모델!$D$7,0) -> 40 | E22: expert | F22: FFN / Expert | G22: =설정!$B$29 -> 4 | H22: =(설정!$B$29/8+IF(설정!$C$29=0,설정!$D$29/8/MAX(1,$B$22),설정!$D$29/8/설정!$C$29)) -> 0.515625 | I22: =설정!$B$65 -> 24000000000000
A23: expert.down_proj | B23: =모델!$D$38 -> 512 | C23: =모델!$D$8 -> 2048 | D23: =IF(모델!$D$36>1,모델!$D$7,0) -> 40 | E23: expert | F23: FFN / Expert | G23: =설정!$B$29 -> 4 | H23: =(설정!$B$29/8+IF(설정!$C$29=0,설정!$D$29/8/MAX(1,$B$23),설정!$D$29/8/설정!$C$29)) -> 0.515625 | I23: =설정!$B$65 -> 24000000000000
A24: lm_head | B24: =모델!$D$8 -> 2048 | C24: =모델!$D$9 -> 248320 | D24: =1 -> 1 | E24: head | F24: LM head | G24: =설정!$B$31 -> 4 | H24: =(설정!$B$31/8+IF(설정!$C$31=0,설정!$D$31/8/MAX(1,$B$24),설정!$D$31/8/설정!$C$31)) -> 0.515625 | I24: =설정!$B$67 -> 24000000000000
A25: expert 종류는 MoE에서 expert 수만큼 존재하며, 선택된 expert만 읽고 계산합니다.
A27: ① 프리필 (TTFT)
A28: 입력 길이 N | B28: =설정!$B$54 -> 128 | C28: =설정!$C$54 -> 256 | D28: =설정!$D$54 -> 512 | E28: =설정!$E$54 -> 1024 | F28: =설정!$F$54 -> 2048 | G28: =설정!$G$54 -> 4096 | H28: =설정!$H$54 -> 8192
A29: 사용되는 expert 수 (layer당 기대값) | B29: =IF(모델!$D$36>1,IF(AND(설정!$B$47="실측",ISNUMBER('Expert 실측'!$D$7)),MIN(모델!$D$36,MAX(1,'Expert 실측'!$D$7)),모델!$D$36*(1-EXP(MAX(-700,B28*LN(1-MIN(모델!$D$37/모델!$D$36,0.999999)))))),1) -> 251.60115 | C29: =IF(모델!$D$36>1,IF(AND(설정!$B$47="실측",ISNUMBER('Expert 실측'!$D$8)),MIN(모델!$D$36,MAX(1,'Expert 실측'!$D$8)),모델!$D$36*(1-EXP(MAX(-700,C28*LN(1-MIN(모델!$D$37/모델!$D$36,0.999999)))))),1) -> 255.92441 | D29: =IF(모델!$D$36>1,IF(AND(설정!$B$47="실측",ISNUMBER('Expert 실측'!$D$9)),MIN(모델!$D$36,MAX(1,'Expert 실측'!$D$9)),모델!$D$36*(1-EXP(MAX(-700,D28*LN(1-MIN(모델!$D$37/모델!$D$36,0.999999)))))),1) -> 255.99998 | E29: =IF(모델!$D$36>1,IF(AND(설정!$B$47="실측",ISNUMBER('Expert 실측'!$D$10)),MIN(모델!$D$36,MAX(1,'Expert 실측'!$D$10)),모델!$D$36*(1-EXP(MAX(-700,E28*LN(1-MIN(모델!$D$37/모델!$D$36,0.999999)))))),1) -> 256 | F29: =IF(모델!$D$36>1,IF(AND(설정!$B$47="실측",ISNUMBER('Expert 실측'!$D$11)),MIN(모델!$D$36,MAX(1,'Expert 실측'!$D$11)),모델!$D$36*(1-EXP(MAX(-700,F28*LN(1-MIN(모델!$D$37/모델!$D$36,0.999999)))))),1) -> 256 | G29: =IF(모델!$D$36>1,IF(AND(설정!$B$47="실측",ISNUMBER('Expert 실측'!$D$12)),MIN(모델!$D$36,MAX(1,'Expert 실측'!$D$12)),모델!$D$36*(1-EXP(MAX(-700,G28*LN(1-MIN(모델!$D$37/모델!$D$36,0.999999)))))),1) -> 256 | H29: =IF(모델!$D$36>1,IF(AND(설정!$B$47="실측",ISNUMBER('Expert 실측'!$D$13)),MIN(모델!$D$36,MAX(1,'Expert 실측'!$D$13)),모델!$D$36*(1-EXP(MAX(-700,H28*LN(1-MIN(모델!$D$37/모델!$D$36,0.999999)))))),1) -> 256
A30: expert 사용 비율 (균등 시 1−(1−k/E)^N) | B30: =IF(모델!$D$36>1,B29/모델!$D$36,1) -> 0.98281698 | C30: =IF(모델!$D$36>1,C29/모델!$D$36,1) -> 0.99970474 | D30: =IF(모델!$D$36>1,D29/모델!$D$36,1) -> 0.99999991 | E30: =IF(모델!$D$36>1,E29/모델!$D$36,1) -> 1 | F30: =IF(모델!$D$36>1,F29/모델!$D$36,1) -> 1 | G30: =IF(모델!$D$36>1,G29/모델!$D$36,1) -> 1 | H30: =IF(모델!$D$36>1,H29/모델!$D$36,1) -> 1 | I30: 균등: 토큰 하나가 특정 expert를 안 고를 확률 (1−k/E)의 N제곱. 실측 모드면 Expert 실측 시트 값
A31: expert당 토큰 수 (평균) | B31: =IF(모델!$D$36>1,B28*모델!$D$37/B29,B28) -> 4.0699338 | C31: =IF(모델!$D$36>1,C28*모델!$D$37/C29,C28) -> 8.0023627 | D31: =IF(모델!$D$36>1,D28*모델!$D$37/D29,D28) -> 16.000001 | E31: =IF(모델!$D$36>1,E28*모델!$D$37/E29,E28) -> 32 | F31: =IF(모델!$D$36>1,F28*모델!$D$37/F29,F28) -> 64 | G31: =IF(모델!$D$36>1,G28*모델!$D$37/G29,G28) -> 128 | H31: =IF(모델!$D$36>1,H28*모델!$D$37/H29,H28) -> 256
A32: full.q_proj 연산량 (ops) | B32: =($D$5)*2*(B$28)*$B$5*$C$5 -> 42949672960 | C32: =($D$5)*2*(C$28)*$B$5*$C$5 -> 85899345920 | D32: =($D$5)*2*(D$28)*$B$5*$C$5 -> 171798691840 | E32: =($D$5)*2*(E$28)*$B$5*$C$5 -> 343597383680 | F32: =($D$5)*2*(F$28)*$B$5*$C$5 -> 687194767360 | G32: =($D$5)*2*(G$28)*$B$5*$C$5 -> 1374389534720 | H32: =($D$5)*2*(H$28)*$B$5*$C$5 -> 2748779069440
A33: full.q_proj DRAM 트래픽 (B) | B33: =($D$5)*MIN(($B$5*$C$5*$H$5)*MAX(1,ROUNDUP(((B$28)*$B$5*설정!$B$57)/설정!$B$61,0))+((B$28)*$B$5*설정!$B$57)+((B$28)*$C$5*설정!$B$57),($B$5*$C$5*$H$5)+((B$28)*$B$5*설정!$B$57)*MAX(1,ROUNDUP(($B$5*$C$5*$H$5)/설정!$B$61,0))+((B$28)*$C$5*설정!$B$57)) -> 99614720 | C33: =($D$5)*MIN(($B$5*$C$5*$H$5)*MAX(1,ROUNDUP(((C$28)*$B$5*설정!$B$57)/설정!$B$61,0))+((C$28)*$B$5*설정!$B$57)+((C$28)*$C$5*설정!$B$57),($B$5*$C$5*$H$5)+((C$28)*$B$5*설정!$B$57)*MAX(1,ROUNDUP(($B$5*$C$5*$H$5)/설정!$B$61,0))+((C$28)*$C$5*설정!$B$57)) -> 112721920 | D33: =($D$5)*MIN(($B$5*$C$5*$H$5)*MAX(1,ROUNDUP(((D$28)*$B$5*설정!$B$57)/설정!$B$61,0))+((D$28)*$B$5*설정!$B$57)+((D$28)*$C$5*설정!$B$57),($B$5*$C$5*$H$5)+((D$28)*$B$5*설정!$B$57)*MAX(1,ROUNDUP(($B$5*$C$5*$H$5)/설정!$B$61,0))+((D$28)*$C$5*설정!$B$57)) -> 138936320 | E33: =($D$5)*MIN(($B$5*$C$5*$H$5)*MAX(1,ROUNDUP(((E$28)*$B$5*설정!$B$57)/설정!$B$61,0))+((E$28)*$B$5*설정!$B$57)+((E$28)*$C$5*설정!$B$57),($B$5*$C$5*$H$5)+((E$28)*$B$5*설정!$B$57)*MAX(1,ROUNDUP(($B$5*$C$5*$H$5)/설정!$B$61,0))+((E$28)*$C$5*설정!$B$57)) -> 277872640 | F33: =($D$5)*MIN(($B$5*$C$5*$H$5)*MAX(1,ROUNDUP(((F$28)*$B$5*설정!$B$57)/설정!$B$61,0))+((F$28)*$B$5*설정!$B$57)+((F$28)*$C$5*설정!$B$57),($B$5*$C$5*$H$5)+((F$28)*$B$5*설정!$B$57)*MAX(1,ROUNDUP(($B$5*$C$5*$H$5)/설정!$B$61,0))+((F$28)*$C$5*설정!$B$57)) -> 469237760 | G33: =($D$5)*MIN(($B$5*$C$5*$H$5)*MAX(1,ROUNDUP(((G$28)*$B$5*설정!$B$57)/설정!$B$61,0))+((G$28)*$B$5*설정!$B$57)+((G$28)*$C$5*설정!$B$57),($B$5*$C$5*$H$5)+((G$28)*$B$5*설정!$B$57)*MAX(1,ROUNDUP(($B$5*$C$5*$H$5)/설정!$B$61,0))+((G$28)*$C$5*설정!$B$57)) -> 851968000 | H33: =($D$5)*MIN(($B$5*$C$5*$H$5)*MAX(1,ROUNDUP(((H$28)*$B$5*설정!$B$57)/설정!$B$61,0))+((H$28)*$B$5*설정!$B$57)+((H$28)*$C$5*설정!$B$57),($B$5*$C$5*$H$5)+((H$28)*$B$5*설정!$B$57)*MAX(1,ROUNDUP(($B$5*$C$5*$H$5)/설정!$B$61,0))+((H$28)*$C$5*설정!$B$57)) -> 1703936000
A34: full.q_proj 시간 (ms) | B34: =MAX(B32/$I$5,B33/설정!$B$60)*1000 -> 1.9532298 | C34: =MAX(C32/$I$5,C33/설정!$B$60)*1000 -> 3.5791394 | D34: =MAX(D32/$I$5,D33/설정!$B$60)*1000 -> 7.1582788 | E34: =MAX(E32/$I$5,E33/설정!$B$60)*1000 -> 14.316558 | F34: =MAX(F32/$I$5,F33/설정!$B$60)*1000 -> 28.633115 | G34: =MAX(G32/$I$5,G33/설정!$B$60)*1000 -> 57.266231 | H34: =MAX(H32/$I$5,H33/설정!$B$60)*1000 -> 114.53246
A35: full.k_proj 연산량 (ops) | B35: =($D$6)*2*(B$28)*$B$6*$C$6 -> 2684354560 | C35: =($D$6)*2*(C$28)*$B$6*$C$6 -> 5368709120 | D35: =($D$6)*2*(D$28)*$B$6*$C$6 -> 10737418240 | E35: =($D$6)*2*(E$28)*$B$6*$C$6 -> 21474836480 | F35: =($D$6)*2*(F$28)*$B$6*$C$6 -> 42949672960 | G35: =($D$6)*2*(G$28)*$B$6*$C$6 -> 85899345920 | H35: =($D$6)*2*(H$28)*$B$6*$C$6 -> 171798691840
A36: full.k_proj DRAM 트래픽 (B) | B36: =($D$6)*MIN(($B$6*$C$6*$H$6)*MAX(1,ROUNDUP(((B$28)*$B$6*설정!$B$57)/설정!$B$61,0))+((B$28)*$B$6*설정!$B$57)+((B$28)*$C$6*설정!$B$57),($B$6*$C$6*$H$6)+((B$28)*$B$6*설정!$B$57)*MAX(1,ROUNDUP(($B$6*$C$6*$H$6)/설정!$B$61,0))+((B$28)*$C$6*설정!$B$57)) -> 8683520 | C36: =($D$6)*MIN(($B$6*$C$6*$H$6)*MAX(1,ROUNDUP(((C$28)*$B$6*설정!$B$57)/설정!$B$61,0))+((C$28)*$B$6*설정!$B$57)+((C$28)*$C$6*설정!$B$57),($B$6*$C$6*$H$6)+((C$28)*$B$6*설정!$B$57)*MAX(1,ROUNDUP(($B$6*$C$6*$H$6)/설정!$B$61,0))+((C$28)*$C$6*설정!$B$57)) -> 11960320 | D36: =($D$6)*MIN(($B$6*$C$6*$H$6)*MAX(1,ROUNDUP(((D$28)*$B$6*설정!$B$57)/설정!$B$61,0))+((D$28)*$B$6*설정!$B$57)+((D$28)*$C$6*설정!$B$57),($B$6*$C$6*$H$6)+((D$28)*$B$6*설정!$B$57)*MAX(1,ROUNDUP(($B$6*$C$6*$H$6)/설정!$B$61,0))+((D$28)*$C$6*설정!$B$57)) -> 18513920 | E36: =($D$6)*MIN(($B$6*$C$6*$H$6)*MAX(1,ROUNDUP(((E$28)*$B$6*설정!$B$57)/설정!$B$61,0))+((E$28)*$B$6*설정!$B$57)+((E$28)*$C$6*설정!$B$57),($B$6*$C$6*$H$6)+((E$28)*$B$6*설정!$B$57)*MAX(1,ROUNDUP(($B$6*$C$6*$H$6)/설정!$B$61,0))+((E$28)*$C$6*설정!$B$57)) -> 31621120 | F36: =($D$6)*MIN(($B$6*$C$6*$H$6)*MAX(1,ROUNDUP(((F$28)*$B$6*설정!$B$57)/설정!$B$61,0))+((F$28)*$B$6*설정!$B$57)+((F$28)*$C$6*설정!$B$57),($B$6*$C$6*$H$6)+((F$28)*$B$6*설정!$B$57)*MAX(1,ROUNDUP(($B$6*$C$6*$H$6)/설정!$B$61,0))+((F$28)*$C$6*설정!$B$57)) -> 57835520 | G36: =($D$6)*MIN(($B$6*$C$6*$H$6)*MAX(1,ROUNDUP(((G$28)*$B$6*설정!$B$57)/설정!$B$61,0))+((G$28)*$B$6*설정!$B$57)+((G$28)*$C$6*설정!$B$57),($B$6*$C$6*$H$6)+((G$28)*$B$6*설정!$B$57)*MAX(1,ROUNDUP(($B$6*$C$6*$H$6)/설정!$B$61,0))+((G$28)*$C$6*설정!$B$57)) -> 110264320 | H36: =($D$6)*MIN(($B$6*$C$6*$H$6)*MAX(1,ROUNDUP(((H$28)*$B$6*설정!$B$57)/설정!$B$61,0))+((H$28)*$B$6*설정!$B$57)+((H$28)*$C$6*설정!$B$57),($B$6*$C$6*$H$6)+((H$28)*$B$6*설정!$B$57)*MAX(1,ROUNDUP(($B$6*$C$6*$H$6)/설정!$B$61,0))+((H$28)*$C$6*설정!$B$57)) -> 215121920
A37: full.k_proj 시간 (ms) | B37: =MAX(B35/$I$6,B36/설정!$B$60)*1000 -> 0.1702651 | C37: =MAX(C35/$I$6,C36/설정!$B$60)*1000 -> 0.23451608 | D37: =MAX(D35/$I$6,D36/설정!$B$60)*1000 -> 0.44739243 | E37: =MAX(E35/$I$6,E36/설정!$B$60)*1000 -> 0.89478485 | F37: =MAX(F35/$I$6,F36/설정!$B$60)*1000 -> 1.7895697 | G37: =MAX(G35/$I$6,G36/설정!$B$60)*1000 -> 3.5791394 | H37: =MAX(H35/$I$6,H36/설정!$B$60)*1000 -> 7.1582788
A38: full.v_proj 연산량 (ops) | B38: =($D$7)*2*(B$28)*$B$7*$C$7 -> 2684354560 | C38: =($D$7)*2*(C$28)*$B$7*$C$7 -> 5368709120 | D38: =($D$7)*2*(D$28)*$B$7*$C$7 -> 10737418240 | E38: =($D$7)*2*(E$28)*$B$7*$C$7 -> 21474836480 | F38: =($D$7)*2*(F$28)*$B$7*$C$7 -> 42949672960 | G38: =($D$7)*2*(G$28)*$B$7*$C$7 -> 85899345920 | H38: =($D$7)*2*(H$28)*$B$7*$C$7 -> 171798691840
A39: full.v_proj DRAM 트래픽 (B) | B39: =($D$7)*MIN(($B$7*$C$7*$H$7)*MAX(1,ROUNDUP(((B$28)*$B$7*설정!$B$57)/설정!$B$61,0))+((B$28)*$B$7*설정!$B$57)+((B$28)*$C$7*설정!$B$57),($B$7*$C$7*$H$7)+((B$28)*$B$7*설정!$B$57)*MAX(1,ROUNDUP(($B$7*$C$7*$H$7)/설정!$B$61,0))+((B$28)*$C$7*설정!$B$57)) -> 8683520 | C39: =($D$7)*MIN(($B$7*$C$7*$H$7)*MAX(1,ROUNDUP(((C$28)*$B$7*설정!$B$57)/설정!$B$61,0))+((C$28)*$B$7*설정!$B$57)+((C$28)*$C$7*설정!$B$57),($B$7*$C$7*$H$7)+((C$28)*$B$7*설정!$B$57)*MAX(1,ROUNDUP(($B$7*$C$7*$H$7)/설정!$B$61,0))+((C$28)*$C$7*설정!$B$57)) -> 11960320 | D39: =($D$7)*MIN(($B$7*$C$7*$H$7)*MAX(1,ROUNDUP(((D$28)*$B$7*설정!$B$57)/설정!$B$61,0))+((D$28)*$B$7*설정!$B$57)+((D$28)*$C$7*설정!$B$57),($B$7*$C$7*$H$7)+((D$28)*$B$7*설정!$B$57)*MAX(1,ROUNDUP(($B$7*$C$7*$H$7)/설정!$B$61,0))+((D$28)*$C$7*설정!$B$57)) -> 18513920 | E39: =($D$7)*MIN(($B$7*$C$7*$H$7)*MAX(1,ROUNDUP(((E$28)*$B$7*설정!$B$57)/설정!$B$61,0))+((E$28)*$B$7*설정!$B$57)+((E$28)*$C$7*설정!$B$57),($B$7*$C$7*$H$7)+((E$28)*$B$7*설정!$B$57)*MAX(1,ROUNDUP(($B$7*$C$7*$H$7)/설정!$B$61,0))+((E$28)*$C$7*설정!$B$57)) -> 31621120 | F39: =($D$7)*MIN(($B$7*$C$7*$H$7)*MAX(1,ROUNDUP(((F$28)*$B$7*설정!$B$57)/설정!$B$61,0))+((F$28)*$B$7*설정!$B$57)+((F$28)*$C$7*설정!$B$57),($B$7*$C$7*$H$7)+((F$28)*$B$7*설정!$B$57)*MAX(1,ROUNDUP(($B$7*$C$7*$H$7)/설정!$B$61,0))+((F$28)*$C$7*설정!$B$57)) -> 57835520 | G39: =($D$7)*MIN(($B$7*$C$7*$H$7)*MAX(1,ROUNDUP(((G$28)*$B$7*설정!$B$57)/설정!$B$61,0))+((G$28)*$B$7*설정!$B$57)+((G$28)*$C$7*설정!$B$57),($B$7*$C$7*$H$7)+((G$28)*$B$7*설정!$B$57)*MAX(1,ROUNDUP(($B$7*$C$7*$H$7)/설정!$B$61,0))+((G$28)*$C$7*설정!$B$57)) -> 110264320 | H39: =($D$7)*MIN(($B$7*$C$7*$H$7)*MAX(1,ROUNDUP(((H$28)*$B$7*설정!$B$57)/설정!$B$61,0))+((H$28)*$B$7*설정!$B$57)+((H$28)*$C$7*설정!$B$57),($B$7*$C$7*$H$7)+((H$28)*$B$7*설정!$B$57)*MAX(1,ROUNDUP(($B$7*$C$7*$H$7)/설정!$B$61,0))+((H$28)*$C$7*설정!$B$57)) -> 215121920
A40: full.v_proj 시간 (ms) | B40: =MAX(B38/$I$7,B39/설정!$B$60)*1000 -> 0.1702651 | C40: =MAX(C38/$I$7,C39/설정!$B$60)*1000 -> 0.23451608 | D40: =MAX(D38/$I$7,D39/설정!$B$60)*1000 -> 0.44739243 | E40: =MAX(E38/$I$7,E39/설정!$B$60)*1000 -> 0.89478485 | F40: =MAX(F38/$I$7,F39/설정!$B$60)*1000 -> 1.7895697 | G40: =MAX(G38/$I$7,G39/설정!$B$60)*1000 -> 3.5791394 | H40: =MAX(H38/$I$7,H39/설정!$B$60)*1000 -> 7.1582788
A41: full.o_proj 연산량 (ops) | B41: =($D$8)*2*(B$28)*$B$8*$C$8 -> 21474836480 | C41: =($D$8)*2*(C$28)*$B$8*$C$8 -> 42949672960 | D41: =($D$8)*2*(D$28)*$B$8*$C$8 -> 85899345920 | E41: =($D$8)*2*(E$28)*$B$8*$C$8 -> 171798691840 | F41: =($D$8)*2*(F$28)*$B$8*$C$8 -> 343597383680 | G41: =($D$8)*2*(G$28)*$B$8*$C$8 -> 687194767360 | H41: =($D$8)*2*(H$28)*$B$8*$C$8 -> 1374389534720
A42: full.o_proj DRAM 트래픽 (B) | B42: =($D$8)*MIN(($B$8*$C$8*$H$8)*MAX(1,ROUNDUP(((B$28)*$B$8*설정!$B$57)/설정!$B$61,0))+((B$28)*$B$8*설정!$B$57)+((B$28)*$C$8*설정!$B$57),($B$8*$C$8*$H$8)+((B$28)*$B$8*설정!$B$57)*MAX(1,ROUNDUP(($B$8*$C$8*$H$8)/설정!$B$61,0))+((B$28)*$C$8*설정!$B$57)) -> 51118080 | C42: =($D$8)*MIN(($B$8*$C$8*$H$8)*MAX(1,ROUNDUP(((C$28)*$B$8*설정!$B$57)/설정!$B$61,0))+((C$28)*$B$8*설정!$B$57)+((C$28)*$C$8*설정!$B$57),($B$8*$C$8*$H$8)+((C$28)*$B$8*설정!$B$57)*MAX(1,ROUNDUP(($B$8*$C$8*$H$8)/설정!$B$61,0))+((C$28)*$C$8*설정!$B$57)) -> 58982400 | D42: =($D$8)*MIN(($B$8*$C$8*$H$8)*MAX(1,ROUNDUP(((D$28)*$B$8*설정!$B$57)/설정!$B$61,0))+((D$28)*$B$8*설정!$B$57)+((D$28)*$C$8*설정!$B$57),($B$8*$C$8*$H$8)+((D$28)*$B$8*설정!$B$57)*MAX(1,ROUNDUP(($B$8*$C$8*$H$8)/설정!$B$61,0))+((D$28)*$C$8*설정!$B$57)) -> 116654080 | E42: =($D$8)*MIN(($B$8*$C$8*$H$8)*MAX(1,ROUNDUP(((E$28)*$B$8*설정!$B$57)/설정!$B$61,0))+((E$28)*$B$8*설정!$B$57)+((E$28)*$C$8*설정!$B$57),($B$8*$C$8*$H$8)+((E$28)*$B$8*설정!$B$57)*MAX(1,ROUNDUP(($B$8*$C$8*$H$8)/설정!$B$61,0))+((E$28)*$C$8*설정!$B$57)) -> 190054400 | F42: =($D$8)*MIN(($B$8*$C$8*$H$8)*MAX(1,ROUNDUP(((F$28)*$B$8*설정!$B$57)/설정!$B$61,0))+((F$28)*$B$8*설정!$B$57)+((F$28)*$C$8*설정!$B$57),($B$8*$C$8*$H$8)+((F$28)*$B$8*설정!$B$57)*MAX(1,ROUNDUP(($B$8*$C$8*$H$8)/설정!$B$61,0))+((F$28)*$C$8*설정!$B$57)) -> 336855040 | G42: =($D$8)*MIN(($B$8*$C$8*$H$8)*MAX(1,ROUNDUP(((G$28)*$B$8*설정!$B$57)/설정!$B$61,0))+((G$28)*$B$8*설정!$B$57)+((G$28)*$C$8*설정!$B$57),($B$8*$C$8*$H$8)+((G$28)*$B$8*설정!$B$57)*MAX(1,ROUNDUP(($B$8*$C$8*$H$8)/설정!$B$61,0))+((G$28)*$C$8*설정!$B$57)) -> 630456320 | H42: =($D$8)*MIN(($B$8*$C$8*$H$8)*MAX(1,ROUNDUP(((H$28)*$B$8*설정!$B$57)/설정!$B$61,0))+((H$28)*$B$8*설정!$B$57)+((H$28)*$C$8*설정!$B$57),($B$8*$C$8*$H$8)+((H$28)*$B$8*설정!$B$57)*MAX(1,ROUNDUP(($B$8*$C$8*$H$8)/설정!$B$61,0))+((H$28)*$C$8*설정!$B$57)) -> 1217658880
A43: full.o_proj 시간 (ms) | B43: =MAX(B41/$I$8,B42/설정!$B$60)*1000 -> 1.0023153 | C43: =MAX(C41/$I$8,C42/설정!$B$60)*1000 -> 1.7895697 | D43: =MAX(D41/$I$8,D42/설정!$B$60)*1000 -> 3.5791394 | E43: =MAX(E41/$I$8,E42/설정!$B$60)*1000 -> 7.1582788 | F43: =MAX(F41/$I$8,F42/설정!$B$60)*1000 -> 14.316558 | G43: =MAX(G41/$I$8,G42/설정!$B$60)*1000 -> 28.633115 | H43: =MAX(H41/$I$8,H42/설정!$B$60)*1000 -> 57.266231
A44: swa.q_proj 연산량 (ops) | B44: =($D$9)*2*(B$28)*$B$9*$C$9 -> 0 | C44: =($D$9)*2*(C$28)*$B$9*$C$9 -> 0 | D44: =($D$9)*2*(D$28)*$B$9*$C$9 -> 0 | E44: =($D$9)*2*(E$28)*$B$9*$C$9 -> 0 | F44: =($D$9)*2*(F$28)*$B$9*$C$9 -> 0 | G44: =($D$9)*2*(G$28)*$B$9*$C$9 -> 0 | H44: =($D$9)*2*(H$28)*$B$9*$C$9 -> 0
A45: swa.q_proj DRAM 트래픽 (B) | B45: =($D$9)*MIN(($B$9*$C$9*$H$9)*MAX(1,ROUNDUP(((B$28)*$B$9*설정!$B$57)/설정!$B$61,0))+((B$28)*$B$9*설정!$B$57)+((B$28)*$C$9*설정!$B$57),($B$9*$C$9*$H$9)+((B$28)*$B$9*설정!$B$57)*MAX(1,ROUNDUP(($B$9*$C$9*$H$9)/설정!$B$61,0))+((B$28)*$C$9*설정!$B$57)) -> 0 | C45: =($D$9)*MIN(($B$9*$C$9*$H$9)*MAX(1,ROUNDUP(((C$28)*$B$9*설정!$B$57)/설정!$B$61,0))+((C$28)*$B$9*설정!$B$57)+((C$28)*$C$9*설정!$B$57),($B$9*$C$9*$H$9)+((C$28)*$B$9*설정!$B$57)*MAX(1,ROUNDUP(($B$9*$C$9*$H$9)/설정!$B$61,0))+((C$28)*$C$9*설정!$B$57)) -> 0 | D45: =($D$9)*MIN(($B$9*$C$9*$H$9)*MAX(1,ROUNDUP(((D$28)*$B$9*설정!$B$57)/설정!$B$61,0))+((D$28)*$B$9*설정!$B$57)+((D$28)*$C$9*설정!$B$57),($B$9*$C$9*$H$9)+((D$28)*$B$9*설정!$B$57)*MAX(1,ROUNDUP(($B$9*$C$9*$H$9)/설정!$B$61,0))+((D$28)*$C$9*설정!$B$57)) -> 0 | E45: =($D$9)*MIN(($B$9*$C$9*$H$9)*MAX(1,ROUNDUP(((E$28)*$B$9*설정!$B$57)/설정!$B$61,0))+((E$28)*$B$9*설정!$B$57)+((E$28)*$C$9*설정!$B$57),($B$9*$C$9*$H$9)+((E$28)*$B$9*설정!$B$57)*MAX(1,ROUNDUP(($B$9*$C$9*$H$9)/설정!$B$61,0))+((E$28)*$C$9*설정!$B$57)) -> 0 | F45: =($D$9)*MIN(($B$9*$C$9*$H$9)*MAX(1,ROUNDUP(((F$28)*$B$9*설정!$B$57)/설정!$B$61,0))+((F$28)*$B$9*설정!$B$57)+((F$28)*$C$9*설정!$B$57),($B$9*$C$9*$H$9)+((F$28)*$B$9*설정!$B$57)*MAX(1,ROUNDUP(($B$9*$C$9*$H$9)/설정!$B$61,0))+((F$28)*$C$9*설정!$B$57)) -> 0 | G45: =($D$9)*MIN(($B$9*$C$9*$H$9)*MAX(1,ROUNDUP(((G$28)*$B$9*설정!$B$57)/설정!$B$61,0))+((G$28)*$B$9*설정!$B$57)+((G$28)*$C$9*설정!$B$57),($B$9*$C$9*$H$9)+((G$28)*$B$9*설정!$B$57)*MAX(1,ROUNDUP(($B$9*$C$9*$H$9)/설정!$B$61,0))+((G$28)*$C$9*설정!$B$57)) -> 0 | H45: =($D$9)*MIN(($B$9*$C$9*$H$9)*MAX(1,ROUNDUP(((H$28)*$B$9*설정!$B$57)/설정!$B$61,0))+((H$28)*$B$9*설정!$B$57)+((H$28)*$C$9*설정!$B$57),($B$9*$C$9*$H$9)+((H$28)*$B$9*설정!$B$57)*MAX(1,ROUNDUP(($B$9*$C$9*$H$9)/설정!$B$61,0))+((H$28)*$C$9*설정!$B$57)) -> 0
A46: swa.q_proj 시간 (ms) | B46: =MAX(B44/$I$9,B45/설정!$B$60)*1000 -> 0 | C46: =MAX(C44/$I$9,C45/설정!$B$60)*1000 -> 0 | D46: =MAX(D44/$I$9,D45/설정!$B$60)*1000 -> 0 | E46: =MAX(E44/$I$9,E45/설정!$B$60)*1000 -> 0 | F46: =MAX(F44/$I$9,F45/설정!$B$60)*1000 -> 0 | G46: =MAX(G44/$I$9,G45/설정!$B$60)*1000 -> 0 | H46: =MAX(H44/$I$9,H45/설정!$B$60)*1000 -> 0
A47: swa.k_proj 연산량 (ops) | B47: =($D$10)*2*(B$28)*$B$10*$C$10 -> 0 | C47: =($D$10)*2*(C$28)*$B$10*$C$10 -> 0 | D47: =($D$10)*2*(D$28)*$B$10*$C$10 -> 0 | E47: =($D$10)*2*(E$28)*$B$10*$C$10 -> 0 | F47: =($D$10)*2*(F$28)*$B$10*$C$10 -> 0 | G47: =($D$10)*2*(G$28)*$B$10*$C$10 -> 0 | H47: =($D$10)*2*(H$28)*$B$10*$C$10 -> 0
